{
  "type": "FeatureCollection",
  "features": [
    {
      "type": "Feature",
      "properties": {
        "place_id": 253004275,
        "osm_type": "relation",
        "osm_id": 1819317,
        "place_rank": 10,
        "category": "boundary",
        "type": "administrative",
        "importance": 0.5264887115782295,
        "addresstype": "state_district",
        "name": "Coimbatore",
        "display_name": "Coimbatore, Tamil Nadu, India"
      },
      "bbox": [
        76.655931,
        10.2204226,
        77.2936678,
        11.4052378
      ],
      "geometry": {
        "type": "Polygon",
        "coordinates": [
          [
            [
              76.655931,
              10.9389141
            ],
            [
              76.657998,
              10.9351757
            ],
            [
              76.6592596,
              10.930481
            ],
            [
              76.6602086,
              10.930532
            ],
            [
              76.6615117,
              10.9301647
            ],
            [
              76.6627727,
              10.9291877
            ],
            [
              76.6649924,
              10.9266594
            ],
            [
              76.6675411,
              10.9244154
            ],
            [
              76.6725615,
              10.9208392
            ],
            [
              76.6753006,
              10.918775
            ],
            [
              76.6771459,
              10.9179744
            ],
            [
              76.6804933,
              10.9167524
            ],
            [
              76.6844415,
              10.9152775
            ],
            [
              76.6899347,
              10.9133813
            ],
            [
              76.6954067,
              10.9103631
            ],
            [
              76.6998052,
              10.9105158
            ],
            [
              76.7045876,
              10.9099633
            ],
            [
              76.7084342,
              10.9102368
            ],
            [
              76.7122882,
              10.9082721
            ],
            [
              76.7148897,
              10.9086177
            ],
            [
              76.7180083,
              10.9053188
            ],
            [
              76.7195657,
              10.9051389
            ],
            [
              76.7211223,
              10.9045719
            ],
            [
              76.7226791,
              10.903647
            ],
            [
              76.7254427,
              10.9015878
            ],
            [
              76.7276465,
              10.9000706
            ],
            [
              76.7305561,
              10.8990889
            ],
            [
              76.7316407,
              10.8978383
            ],
            [
              76.7340517,
              10.8974522
            ],
            [
              76.7355455,
              10.8968748
            ],
            [
              76.7379999,
              10.8957666
            ],
            [
              76.7392917,
              10.8944394
            ],
            [
              76.7395019,
              10.8934699
            ],
            [
              76.7401456,
              10.8917209
            ],
            [
              76.7408374,
              10.8910951
            ],
            [
              76.7449443,
              10.8925838
            ],
            [
              76.746778,
              10.8924032
            ],
            [
              76.7498475,
              10.8922317
            ],
            [
              76.7524548,
              10.8950496
            ],
            [
              76.7549181,
              10.8935245
            ],
            [
              76.7563459,
              10.8934031
            ],
            [
              76.7579399,
              10.8933974
            ],
            [
              76.7595781,
              10.893643
            ],
            [
              76.7607879,
              10.8935541
            ],
            [
              76.7615158,
              10.8933277
            ],
            [
              76.7624064,
              10.8922083
            ],
            [
              76.7632952,
              10.891443
            ],
            [
              76.7649007,
              10.8914019
            ],
            [
              76.765573,
              10.8909835
            ],
            [
              76.765809,
              10.8899299
            ],
            [
              76.76568,
              10.8892
            ],
            [
              76.7663088,
              10.8883799
            ],
            [
              76.7677675,
              10.8870853
            ],
            [
              76.7712293,
              10.8880135
            ],
            [
              76.7739817,
              10.8898507
            ],
            [
              76.7751099,
              10.8899885
            ],
            [
              76.7765137,
              10.8893689
            ],
            [
              76.779703,
              10.8906366
            ],
            [
              76.7806507,
              10.890607
            ],
            [
              76.7817901,
              10.8903572
            ],
            [
              76.782173,
              10.8894601
            ],
            [
              76.7836134,
              10.8891378
            ],
            [
              76.7862479,
              10.8888046
            ],
            [
              76.7871988,
              10.8880134
            ],
            [
              76.7875806,
              10.887482
            ],
            [
              76.78789,
              10.8871528
            ],
            [
              76.7880674,
              10.8869045
            ],
            [
              76.7881425,
              10.8867599
            ],
            [
              76.7886106,
              10.8864451
            ],
            [
              76.7894864,
              10.8855866
            ],
            [
              76.7909252,
              10.8851361
            ],
            [
              76.7911084,
              10.8847715
            ],
            [
              76.7912148,
              10.8839707
            ],
            [
              76.7911367,
              10.8825862
            ],
            [
              76.7915126,
              10.8816097
            ],
            [
              76.7940344,
              10.8816749
            ],
            [
              76.7951659,
              10.8810633
            ],
            [
              76.7963647,
              10.8805618
            ],
            [
              76.798351,
              10.8804437
            ],
            [
              76.8014717,
              10.8803844
            ],
            [
              76.8024594,
              10.8802741
            ],
            [
              76.8031426,
              10.87963
            ],
            [
              76.803516,
              10.8791547
            ],
            [
              76.8042882,
              10.8793418
            ],
            [
              76.8050804,
              10.8793084
            ],
            [
              76.8058061,
              10.8790358
            ],
            [
              76.8066172,
              10.8791909
            ],
            [
              76.8069219,
              10.878804
            ],
            [
              76.8070052,
              10.8784231
            ],
            [
              76.8075871,
              10.8775713
            ],
            [
              76.8081772,
              10.8774133
            ],
            [
              76.8092501,
              10.8779717
            ],
            [
              76.8100548,
              10.8777926
            ],
            [
              76.8103874,
              10.8782561
            ],
            [
              76.8106985,
              10.8786354
            ],
            [
              76.8111598,
              10.8788672
            ],
            [
              76.8115353,
              10.8789515
            ],
            [
              76.8122005,
              10.8784774
            ],
            [
              76.812222,
              10.8778347
            ],
            [
              76.8121228,
              10.8776213
            ],
            [
              76.8121295,
              10.8774475
            ],
            [
              76.8120611,
              10.8772934
            ],
            [
              76.8119323,
              10.8769088
            ],
            [
              76.8119538,
              10.8768048
            ],
            [
              76.8120651,
              10.8767455
            ],
            [
              76.8125506,
              10.876785
            ],
            [
              76.8130039,
              10.8766481
            ],
            [
              76.8133008,
              10.8765031
            ],
            [
              76.8134947,
              10.8765032
            ],
            [
              76.8136597,
              10.8765611
            ],
            [
              76.8138286,
              10.8767758
            ],
            [
              76.8143249,
              10.8769865
            ],
            [
              76.8144388,
              10.8769075
            ],
            [
              76.8145448,
              10.8766138
            ],
            [
              76.8148301,
              10.8764664
            ],
            [
              76.8149605,
              10.8763991
            ],
            [
              76.8151724,
              10.8762859
            ],
            [
              76.8153092,
              10.8760515
            ],
            [
              76.8158698,
              10.8746581
            ],
            [
              76.8165015,
              10.8738086
            ],
            [
              76.8166839,
              10.8736123
            ],
            [
              76.8168662,
              10.8736071
            ],
            [
              76.8171398,
              10.8736518
            ],
            [
              76.8175569,
              10.873615
            ],
            [
              76.8176548,
              10.8736848
            ],
            [
              76.8177138,
              10.8738929
            ],
            [
              76.8178292,
              10.8741286
            ],
            [
              76.8179552,
              10.874255
            ],
            [
              76.8181081,
              10.8743538
            ],
            [
              76.8183683,
              10.8745303
            ],
            [
              76.8185265,
              10.8745645
            ],
            [
              76.8188551,
              10.87445
            ],
            [
              76.8192145,
              10.8743512
            ],
            [
              76.8193929,
              10.8743472
            ],
            [
              76.8195163,
              10.8744144
            ],
            [
              76.8196075,
              10.8744658
            ],
            [
              76.8197067,
              10.8744737
            ],
            [
              76.8199146,
              10.8743038
            ],
            [
              76.8201412,
              10.8740707
            ],
            [
              76.8203749,
              10.8737534
            ],
            [
              76.8205027,
              10.8736604
            ],
            [
              76.8208453,
              10.8736413
            ],
            [
              76.82143,
              10.8734517
            ],
            [
              76.8222414,
              10.8733674
            ],
            [
              76.8226089,
              10.8734187
            ],
            [
              76.8228395,
              10.8734042
            ],
            [
              76.8231721,
              10.8731303
            ],
            [
              76.8235932,
              10.8728037
            ],
            [
              76.8240586,
              10.8726944
            ],
            [
              76.8243979,
              10.8727115
            ],
            [
              76.8247104,
              10.8727484
            ],
            [
              76.8252535,
              10.8727905
            ],
            [
              76.8255432,
              10.8726759
            ],
            [
              76.8257377,
              10.8724349
            ],
            [
              76.8259348,
              10.8721004
            ],
            [
              76.8261547,
              10.8720332
            ],
            [
              76.8263492,
              10.8721096
            ],
            [
              76.8264659,
              10.8722703
            ],
            [
              76.8265007,
              10.8723901
            ],
            [
              76.8264592,
              10.87251
            ],
            [
              76.8263398,
              10.8725943
            ],
            [
              76.8262151,
              10.8727615
            ],
            [
              76.8261628,
              10.8729268
            ],
            [
              76.8261977,
              10.8730651
            ],
            [
              76.8264243,
              10.8731257
            ],
            [
              76.8265658,
              10.8730849
            ],
            [
              76.8268166,
              10.8729248
            ],
            [
              76.8270546,
              10.8727833
            ],
            [
              76.8273302,
              10.8727984
            ],
            [
              76.8275334,
              10.8729525
            ],
            [
              76.8279693,
              10.8729775
            ],
            [
              76.8283716,
              10.8726983
            ],
            [
              76.8284574,
              10.8722216
            ],
            [
              76.8285902,
              10.8719055
            ],
            [
              76.8291789,
              10.8716592
            ],
            [
              76.8298856,
              10.8712269
            ],
            [
              76.8300091,
              10.8711666
            ],
            [
              76.8306045,
              10.8709625
            ],
            [
              76.8307279,
              10.8706833
            ],
            [
              76.8305321,
              10.8701999
            ],
            [
              76.8303739,
              10.8699207
            ],
            [
              76.8303967,
              10.869407
            ],
            [
              76.8304999,
              10.8690975
            ],
            [
              76.8306971,
              10.8686524
            ],
            [
              76.8310176,
              10.8677871
            ],
            [
              76.8307064,
              10.8674183
            ],
            [
              76.830693,
              10.867122
            ],
            [
              76.830681,
              10.8669982
            ],
            [
              76.8306059,
              10.8668085
            ],
            [
              76.8305965,
              10.8664911
            ],
            [
              76.8307051,
              10.8661197
            ],
            [
              76.8306702,
              10.865934
            ],
            [
              76.8306354,
              10.8657325
            ],
            [
              76.8306702,
              10.8651727
            ],
            [
              76.8307382,
              10.864782
            ],
            [
              76.830744,
              10.8647486
            ],
            [
              76.8310256,
              10.8645063
            ],
            [
              76.8312992,
              10.864073
            ],
            [
              76.8314695,
              10.8632761
            ],
            [
              76.8316761,
              10.8629462
            ],
            [
              76.8318913,
              10.8626591
            ],
            [
              76.831951,
              10.8624767
            ],
            [
              76.831835,
              10.8623759
            ],
            [
              76.8317753,
              10.8623173
            ],
            [
              76.8317404,
              10.862017
            ],
            [
              76.8318558,
              10.8618142
            ],
            [
              76.8318048,
              10.8614507
            ],
            [
              76.8315822,
              10.8614138
            ],
            [
              76.8315044,
              10.861261
            ],
            [
              76.8316278,
              10.860887
            ],
            [
              76.8327811,
              10.8608606
            ],
            [
              76.8331835,
              10.8605919
            ],
            [
              76.8333203,
              10.8593539
            ],
            [
              76.8334839,
              10.8591089
            ],
            [
              76.8347955,
              10.8589324
            ],
            [
              76.8356135,
              10.8588929
            ],
            [
              76.837074,
              10.858399
            ],
            [
              76.8376198,
              10.8574586
            ],
            [
              76.8382716,
              10.8571991
            ],
            [
              76.8390709,
              10.8571043
            ],
            [
              76.839315,
              10.8568639
            ],
            [
              76.8393499,
              10.8558952
            ],
            [
              76.8395752,
              10.8552393
            ],
            [
              76.8404817,
              10.8537483
            ],
            [
              76.84121,
              10.8529923
            ],
            [
              76.8418101,
              10.8529686
            ],
            [
              76.8429843,
              10.8524786
            ],
            [
              76.8453741,
              10.8512195
            ],
            [
              76.8480348,
              10.8501236
            ],
            [
              76.8492686,
              10.847953
            ],
            [
              76.8494116,
              10.8461628
            ],
            [
              76.8516886,
              10.843929
            ],
            [
              76.8524981,
              10.8414945
            ],
            [
              76.8536527,
              10.8388873
            ],
            [
              76.8534709,
              10.8376708
            ],
            [
              76.8535986,
              10.8362825
            ],
            [
              76.8538476,
              10.8349815
            ],
            [
              76.8536197,
              10.8344872
            ],
            [
              76.8515076,
              10.8315783
            ],
            [
              76.8509477,
              10.8307401
            ],
            [
              76.8504891,
              10.8299445
            ],
            [
              76.8500626,
              10.829955
            ],
            [
              76.8495798,
              10.8311089
            ],
            [
              76.8486732,
              10.8315883
            ],
            [
              76.8482628,
              10.831342
            ],
            [
              76.8481784,
              10.8309719
            ],
            [
              76.8482199,
              10.8291172
            ],
            [
              76.8475199,
              10.8274681
            ],
            [
              76.8470693,
              10.8270255
            ],
            [
              76.8466857,
              10.8270861
            ],
            [
              76.8466455,
              10.8276867
            ],
            [
              76.8464416,
              10.8280608
            ],
            [
              76.8461466,
              10.8280687
            ],
            [
              76.845637,
              10.8277236
            ],
            [
              76.8452239,
              10.8270887
            ],
            [
              76.8449128,
              10.8260666
            ],
            [
              76.8453151,
              10.8253763
            ],
            [
              76.8457818,
              10.8248389
            ],
            [
              76.8465221,
              10.8244701
            ],
            [
              76.8472087,
              10.8234373
            ],
            [
              76.8475521,
              10.822647
            ],
            [
              76.8475628,
              10.8217249
            ],
            [
              76.8476486,
              10.8202917
            ],
            [
              76.8481046,
              10.8192432
            ],
            [
              76.8487698,
              10.8189007
            ],
            [
              76.8492418,
              10.8184897
            ],
            [
              76.8495959,
              10.8176519
            ],
            [
              76.8502664,
              10.8187637
            ],
            [
              76.8519595,
              10.8192284
            ],
            [
              76.8529275,
              10.8191104
            ],
            [
              76.8540756,
              10.818427
            ],
            [
              76.8555106,
              10.8188388
            ],
            [
              76.8561349,
              10.8187004
            ],
            [
              76.8575928,
              10.8176616
            ],
            [
              76.8587409,
              10.8174703
            ],
            [
              76.8592624,
              10.8177955
            ],
            [
              76.860372,
              10.8192744
            ],
            [
              76.8615656,
              10.8187824
            ],
            [
              76.8631448,
              10.8178832
            ],
            [
              76.8643588,
              10.8168793
            ],
            [
              76.8650191,
              10.8156296
            ],
            [
              76.8653112,
              10.8131099
            ],
            [
              76.8665281,
              10.8117791
            ],
            [
              76.868263,
              10.8102682
            ],
            [
              76.8692559,
              10.8090597
            ],
            [
              76.8701583,
              10.8084129
            ],
            [
              76.8726089,
              10.8084479
            ],
            [
              76.8784684,
              10.8090963
            ],
            [
              76.8811802,
              10.8083432
            ],
            [
              76.8842378,
              10.8085869
            ],
            [
              76.8888196,
              10.8096066
            ],
            [
              76.8902564,
              10.8098479
            ],
            [
              76.8922494,
              10.8096393
            ],
            [
              76.8960142,
              10.8092793
            ],
            [
              76.8969668,
              10.8090542
            ],
            [
              76.8994045,
              10.8084783
            ],
            [
              76.9009773,
              10.8071704
            ],
            [
              76.901179,
              10.8053725
            ],
            [
              76.9007596,
              10.8020061
            ],
            [
              76.9008019,
              10.8007497
            ],
            [
              76.9014307,
              10.8003488
            ],
            [
              76.9028444,
              10.7978403
            ],
            [
              76.9034171,
              10.7949727
            ],
            [
              76.9038677,
              10.7930074
            ],
            [
              76.9053853,
              10.7896604
            ],
            [
              76.9058226,
              10.7881387
            ],
            [
              76.9056272,
              10.7865996
            ],
            [
              76.9072151,
              10.7820045
            ],
            [
              76.9076683,
              10.7795401
            ],
            [
              76.9077362,
              10.7773957
            ],
            [
              76.9073139,
              10.7760911
            ],
            [
              76.9060829,
              10.774089
            ],
            [
              76.9055948,
              10.772785
            ],
            [
              76.9052486,
              10.7720469
            ],
            [
              76.9050298,
              10.772063
            ],
            [
              76.9033897,
              10.7721836
            ],
            [
              76.902868,
              10.7721111
            ],
            [
              76.9025267,
              10.7706515
            ],
            [
              76.9032531,
              10.7689488
            ],
            [
              76.9034609,
              10.7675496
            ],
            [
              76.9037541,
              10.7659016
            ],
            [
              76.9036655,
              10.7633192
            ],
            [
              76.9037542,
              10.7615772
            ],
            [
              76.902763,
              10.7591469
            ],
            [
              76.9019557,
              10.7574376
            ],
            [
              76.8998784,
              10.7549075
            ],
            [
              76.8973576,
              10.7531395
            ],
            [
              76.8964152,
              10.752369
            ],
            [
              76.8960728,
              10.7499048
            ],
            [
              76.8960994,
              10.7467741
            ],
            [
              76.8961795,
              10.7450777
            ],
            [
              76.8951434,
              10.7435355
            ],
            [
              76.8942595,
              10.7427245
            ],
            [
              76.8927651,
              10.7402096
            ],
            [
              76.8905174,
              10.7378705
            ],
            [
              76.8893541,
              10.7356729
            ],
            [
              76.8883549,
              10.7321728
            ],
            [
              76.8886556,
              10.7309369
            ],
            [
              76.8885736,
              10.7284278
            ],
            [
              76.8899078,
              10.7262203
            ],
            [
              76.890567,
              10.7253785
            ],
            [
              76.8912434,
              10.7237989
            ],
            [
              76.8929286,
              10.7214144
            ],
            [
              76.8921302,
              10.720123
            ],
            [
              76.8914758,
              10.7187554
            ],
            [
              76.89097,
              10.717526
            ],
            [
              76.8904325,
              10.7168418
            ],
            [
              76.8894347,
              10.7167006
            ],
            [
              76.8882555,
              10.7174528
            ],
            [
              76.8864688,
              10.7188829
            ],
            [
              76.8853293,
              10.7187123
            ],
            [
              76.8828034,
              10.7177508
            ],
            [
              76.8820604,
              10.7165861
            ],
            [
              76.8781464,
              10.7108314
            ],
            [
              76.877198,
              10.7092463
            ],
            [
              76.8757281,
              10.7067896
            ],
            [
              76.8735739,
              10.7023031
            ],
            [
              76.8722449,
              10.6999436
            ],
            [
              76.8706354,
              10.6980141
            ],
            [
              76.8695359,
              10.6963922
            ],
            [
              76.8680296,
              10.6947507
            ],
            [
              76.8709687,
              10.693155
            ],
            [
              76.8706588,
              10.6918791
            ],
            [
              76.8692582,
              10.689243
            ],
            [
              76.8676955,
              10.6873916
            ],
            [
              76.866286,
              10.6853867
            ],
            [
              76.8667001,
              10.6838944
            ],
            [
              76.8670987,
              10.6817683
            ],
            [
              76.867487,
              10.679645
            ],
            [
              76.8684538,
              10.6783173
            ],
            [
              76.8700959,
              10.6769839
            ],
            [
              76.8735671,
              10.6771422
            ],
            [
              76.8752283,
              10.6769908
            ],
            [
              76.8763851,
              10.676913
            ],
            [
              76.8769656,
              10.676894
            ],
            [
              76.8777026,
              10.6764811
            ],
            [
              76.8782115,
              10.6755912
            ],
            [
              76.8784783,
              10.6744113
            ],
            [
              76.8786689,
              10.6731908
            ],
            [
              76.8786246,
              10.6719265
            ],
            [
              76.8779025,
              10.6690469
            ],
            [
              76.8782904,
              10.6667014
            ],
            [
              76.8786794,
              10.6653099
            ],
            [
              76.8792612,
              10.6646164
            ],
            [
              76.880233,
              10.6634344
            ],
            [
              76.8810822,
              10.6620226
            ],
            [
              76.8816128,
              10.6603308
            ],
            [
              76.8812931,
              10.6582107
            ],
            [
              76.88137,
              10.6564007
            ],
            [
              76.8821004,
              10.6544752
            ],
            [
              76.8831037,
              10.6535519
            ],
            [
              76.8831584,
              10.6532864
            ],
            [
              76.8836522,
              10.6508918
            ],
            [
              76.8840446,
              10.6489056
            ],
            [
              76.8838844,
              10.6474278
            ],
            [
              76.8830244,
              10.6460006
            ],
            [
              76.8829634,
              10.6434185
            ],
            [
              76.882888,
              10.6404482
            ],
            [
              76.8825506,
              10.6394399
            ],
            [
              76.8812676,
              10.6395115
            ],
            [
              76.8806522,
              10.639271
            ],
            [
              76.8794274,
              10.6389505
            ],
            [
              76.8769075,
              10.6387274
            ],
            [
              76.8741703,
              10.638107
            ],
            [
              76.8711541,
              10.6360314
            ],
            [
              76.8701198,
              10.6350405
            ],
            [
              76.8690633,
              10.6345851
            ],
            [
              76.8663168,
              10.6331089
            ],
            [
              76.8620252,
              10.6324762
            ],
            [
              76.8592357,
              10.6327293
            ],
            [
              76.8566608,
              10.6331932
            ],
            [
              76.8550729,
              10.6338259
            ],
            [
              76.8511676,
              10.6350491
            ],
            [
              76.8479919,
              10.6354709
            ],
            [
              76.8450737,
              10.6355552
            ],
            [
              76.8418979,
              10.6349226
            ],
            [
              76.8392024,
              10.6346888
            ],
            [
              76.834654,
              10.636127
            ],
            [
              76.8326282,
              10.6367362
            ],
            [
              76.8313169,
              10.6372293
            ],
            [
              76.8302295,
              10.6373897
            ],
            [
              76.8262124,
              10.6360613
            ],
            [
              76.8215772,
              10.6348479
            ],
            [
              76.8144653,
              10.6358341
            ],
            [
              76.814475,
              10.6343742
            ],
            [
              76.8146038,
              10.6317592
            ],
            [
              76.8148783,
              10.629643
            ],
            [
              76.8137025,
              10.6288067
            ],
            [
              76.8112828,
              10.6246825
            ],
            [
              76.8108701,
              10.6233233
            ],
            [
              76.8109989,
              10.6216361
            ],
            [
              76.8117819,
              10.6198641
            ],
            [
              76.8137654,
              10.6190466
            ],
            [
              76.8143463,
              10.6188944
            ],
            [
              76.8153095,
              10.6172783
            ],
            [
              76.8164491,
              10.6169541
            ],
            [
              76.8164391,
              10.6135115
            ],
            [
              76.8181305,
              10.6117148
            ],
            [
              76.818418,
              10.6108352
            ],
            [
              76.8178736,
              10.6094159
            ],
            [
              76.8161241,
              10.6083643
            ],
            [
              76.8155591,
              10.6078851
            ],
            [
              76.8163486,
              10.6063739
            ],
            [
              76.8167924,
              10.6048058
            ],
            [
              76.817726,
              10.6027655
            ],
            [
              76.8188577,
              10.6026183
            ],
            [
              76.8202686,
              10.6012625
            ],
            [
              76.8214728,
              10.6002765
            ],
            [
              76.8220955,
              10.5994763
            ],
            [
              76.8230036,
              10.5992924
            ],
            [
              76.823924,
              10.5981808
            ],
            [
              76.8244546,
              10.597708
            ],
            [
              76.8249718,
              10.5978072
            ],
            [
              76.8255915,
              10.5971602
            ],
            [
              76.8264578,
              10.5966925
            ],
            [
              76.8276234,
              10.596896
            ],
            [
              76.828168,
              10.597325
            ],
            [
              76.8285711,
              10.5977525
            ],
            [
              76.8296059,
              10.5976938
            ],
            [
              76.8303844,
              10.5978072
            ],
            [
              76.8307853,
              10.598445
            ],
            [
              76.831414,
              10.598609
            ],
            [
              76.8316841,
              10.5994486
            ],
            [
              76.8335929,
              10.5989647
            ],
            [
              76.8354598,
              10.5987366
            ],
            [
              76.8369256,
              10.5984892
            ],
            [
              76.8375464,
              10.5980988
            ],
            [
              76.8381643,
              10.5972973
            ],
            [
              76.8383391,
              10.5956841
            ],
            [
              76.8383565,
              10.5947572
            ],
            [
              76.8377229,
              10.5922699
            ],
            [
              76.8374347,
              10.5911385
            ],
            [
              76.8379838,
              10.5896793
            ],
            [
              76.8383847,
              10.589087
            ],
            [
              76.8376557,
              10.5883216
            ],
            [
              76.8373095,
              10.5872282
            ],
            [
              76.8375604,
              10.586722
            ],
            [
              76.8375669,
              10.5864934
            ],
            [
              76.8372913,
              10.5861621
            ],
            [
              76.8366132,
              10.5856893
            ],
            [
              76.8370817,
              10.5849502
            ],
            [
              76.8368266,
              10.584203
            ],
            [
              76.837674,
              10.5838385
            ],
            [
              76.8379109,
              10.5834011
            ],
            [
              76.8376466,
              10.5830262
            ],
            [
              76.8369906,
              10.5826266
            ],
            [
              76.8369815,
              10.5822074
            ],
            [
              76.8376649,
              10.5817336
            ],
            [
              76.8376284,
              10.5811413
            ],
            [
              76.8370544,
              10.5814056
            ],
            [
              76.8363733,
              10.580601
            ],
            [
              76.8359791,
              10.5798657
            ],
            [
              76.8354506,
              10.5792734
            ],
            [
              76.8355327,
              10.5783531
            ],
            [
              76.834774,
              10.5777236
            ],
            [
              76.833856,
              10.5756741
            ],
            [
              76.8335723,
              10.5746018
            ],
            [
              76.8336687,
              10.5737293
            ],
            [
              76.8343299,
              10.5723574
            ],
            [
              76.8345212,
              10.5713186
            ],
            [
              76.8345577,
              10.5702252
            ],
            [
              76.8349222,
              10.5699974
            ],
            [
              76.8348128,
              10.5683481
            ],
            [
              76.8358516,
              10.5671453
            ],
            [
              76.8365623,
              10.5660336
            ],
            [
              76.83751,
              10.565496
            ],
            [
              76.8384448,
              10.5645904
            ],
            [
              76.8386825,
              10.5637524
            ],
            [
              76.8387554,
              10.5625366
            ],
            [
              76.8391943,
              10.5613549
            ],
            [
              76.8384003,
              10.5601315
            ],
            [
              76.8355679,
              10.5577478
            ],
            [
              76.8358469,
              10.5552798
            ],
            [
              76.8352031,
              10.5521156
            ],
            [
              76.8350315,
              10.546884
            ],
            [
              76.8353142,
              10.5449887
            ],
            [
              76.8400355,
              10.5422508
            ],
            [
              76.8421072,
              10.540823
            ],
            [
              76.8431071,
              10.5372757
            ],
            [
              76.8417374,
              10.5355566
            ],
            [
              76.8397122,
              10.5283331
            ],
            [
              76.8365946,
              10.5183332
            ],
            [
              76.8330574,
              10.5062521
            ],
            [
              76.8310115,
              10.4989657
            ],
            [
              76.8304042,
              10.4875205
            ],
            [
              76.829777,
              10.4765026
            ],
            [
              76.828808,
              10.4669588
            ],
            [
              76.8287658,
              10.4653616
            ],
            [
              76.8281221,
              10.4529963
            ],
            [
              76.8283888,
              10.4501563
            ],
            [
              76.8260622,
              10.4450198
            ],
            [
              76.8226125,
              10.4381357
            ],
            [
              76.8201398,
              10.4322739
            ],
            [
              76.8181193,
              10.4276312
            ],
            [
              76.8170205,
              10.4250106
            ],
            [
              76.8162346,
              10.4232416
            ],
            [
              76.8196249,
              10.4209203
            ],
            [
              76.8231175,
              10.4171218
            ],
            [
              76.8227112,
              10.4152847
            ],
            [
              76.8224678,
              10.4146331
            ],
            [
              76.8242856,
              10.4114015
            ],
            [
              76.8246583,
              10.4099626
            ],
            [
              76.8257635,
              10.4094532
            ],
            [
              76.8273566,
              10.4113495
            ],
            [
              76.8303478,
              10.4113189
            ],
            [
              76.8305254,
              10.4110858
            ],
            [
              76.832667,
              10.4082013
            ],
            [
              76.8328422,
              10.406816
            ],
            [
              76.8324528,
              10.4059084
            ],
            [
              76.8340509,
              10.4032647
            ],
            [
              76.8305236,
              10.4006716
            ],
            [
              76.8286371,
              10.3994359
            ],
            [
              76.8257177,
              10.3968871
            ],
            [
              76.8237018,
              10.3951726
            ],
            [
              76.8258914,
              10.3933147
            ],
            [
              76.8265553,
              10.3927513
            ],
            [
              76.8286735,
              10.391203
            ],
            [
              76.8306829,
              10.3895393
            ],
            [
              76.8341672,
              10.3833017
            ],
            [
              76.8366443,
              10.3829462
            ],
            [
              76.8373918,
              10.3822558
            ],
            [
              76.8403959,
              10.3794276
            ],
            [
              76.8420022,
              10.3778799
            ],
            [
              76.8430801,
              10.3776717
            ],
            [
              76.8439886,
              10.3774243
            ],
            [
              76.8441966,
              10.3754247
            ],
            [
              76.845483,
              10.3732145
            ],
            [
              76.8485945,
              10.3688254
            ],
            [
              76.848745,
              10.3673646
            ],
            [
              76.8481636,
              10.3665523
            ],
            [
              76.8463182,
              10.3647371
            ],
            [
              76.8449878,
              10.3630485
            ],
            [
              76.845869,
              10.3600581
            ],
            [
              76.8462929,
              10.3579962
            ],
            [
              76.845404,
              10.3564771
            ],
            [
              76.8419475,
              10.3536602
            ],
            [
              76.84177,
              10.3505806
            ],
            [
              76.8401086,
              10.3500374
            ],
            [
              76.8384966,
              10.348257
            ],
            [
              76.8362279,
              10.3461794
            ],
            [
              76.8363132,
              10.3444364
            ],
            [
              76.8362755,
              10.3432062
            ],
            [
              76.8359839,
              10.3403318
            ],
            [
              76.8372821,
              10.3394819
            ],
            [
              76.8376616,
              10.3377857
            ],
            [
              76.837778,
              10.336325
            ],
            [
              76.8370817,
              10.3356913
            ],
            [
              76.8363618,
              10.334383
            ],
            [
              76.8356967,
              10.3321664
            ],
            [
              76.8358789,
              10.3308437
            ],
            [
              76.8360794,
              10.3298778
            ],
            [
              76.8352957,
              10.3286204
            ],
            [
              76.8348522,
              10.3265096
            ],
            [
              76.8343757,
              10.3232647
            ],
            [
              76.8337098,
              10.3206466
            ],
            [
              76.8326897,
              10.3173944
            ],
            [
              76.8306668,
              10.3147519
            ],
            [
              76.8305229,
              10.3136115
            ],
            [
              76.8303206,
              10.309631
            ],
            [
              76.8291931,
              10.3084169
            ],
            [
              76.8286947,
              10.3079135
            ],
            [
              76.8298758,
              10.3069078
            ],
            [
              76.830193,
              10.3039451
            ],
            [
              76.8308308,
              10.3033801
            ],
            [
              76.8317252,
              10.3033521
            ],
            [
              76.8328875,
              10.3030094
            ],
            [
              76.8350295,
              10.3029021
            ],
            [
              76.8380749,
              10.3017217
            ],
            [
              76.8391137,
              10.3002729
            ],
            [
              76.8403369,
              10.3000041
            ],
            [
              76.8416195,
              10.2984596
            ],
            [
              76.8449337,
              10.295085
            ],
            [
              76.8447973,
              10.2943514
            ],
            [
              76.8439933,
              10.2936526
            ],
            [
              76.8431861,
              10.2933941
            ],
            [
              76.8424428,
              10.2934448
            ],
            [
              76.8420391,
              10.2930067
            ],
            [
              76.8418649,
              10.2906526
            ],
            [
              76.8432112,
              10.2888027
            ],
            [
              76.8436618,
              10.2888358
            ],
            [
              76.8443549,
              10.289346
            ],
            [
              76.84478,
              10.2884376
            ],
            [
              76.845505,
              10.288182
            ],
            [
              76.847467,
              10.2880384
            ],
            [
              76.8484877,
              10.2874512
            ],
            [
              76.8488704,
              10.2868263
            ],
            [
              76.8483088,
              10.2862831
            ],
            [
              76.8482492,
              10.2850958
            ],
            [
              76.8491164,
              10.2850325
            ],
            [
              76.8496043,
              10.2855627
            ],
            [
              76.8500921,
              10.2856284
            ],
            [
              76.8505934,
              10.285568
            ],
            [
              76.8511393,
              10.2848673
            ],
            [
              76.851925,
              10.2849223
            ],
            [
              76.8522936,
              10.2866029
            ],
            [
              76.8521694,
              10.2867346
            ],
            [
              76.8507866,
              10.2882001
            ],
            [
              76.8510156,
              10.2907062
            ],
            [
              76.8518641,
              10.2906823
            ],
            [
              76.8523889,
              10.2909451
            ],
            [
              76.8525444,
              10.291023
            ],
            [
              76.8530699,
              10.2912862
            ],
            [
              76.8534081,
              10.2921862
            ],
            [
              76.8537292,
              10.2925991
            ],
            [
              76.8544294,
              10.2925719
            ],
            [
              76.8552647,
              10.2932679
            ],
            [
              76.8562684,
              10.2938879
            ],
            [
              76.8570787,
              10.2935682
            ],
            [
              76.857621,
              10.2940549
            ],
            [
              76.8581888,
              10.2940959
            ],
            [
              76.8586738,
              10.2937201
            ],
            [
              76.8583645,
              10.2932597
            ],
            [
              76.8582467,
              10.2929749
            ],
            [
              76.8595126,
              10.2921217
            ],
            [
              76.860187,
              10.2919806
            ],
            [
              76.8608231,
              10.2920404
            ],
            [
              76.8622375,
              10.2922142
            ],
            [
              76.8634004,
              10.293015
            ],
            [
              76.8630283,
              10.2948147
            ],
            [
              76.8641403,
              10.2957211
            ],
            [
              76.8652141,
              10.2961379
            ],
            [
              76.8672027,
              10.2953859
            ],
            [
              76.8695716,
              10.2972858
            ],
            [
              76.8693934,
              10.2987865
            ],
            [
              76.8706935,
              10.2992955
            ],
            [
              76.8732472,
              10.2986419
            ],
            [
              76.8735369,
              10.2976323
            ],
            [
              76.8740737,
              10.2960562
            ],
            [
              76.87445,
              10.2946964
            ],
            [
              76.8745794,
              10.2937866
            ],
            [
              76.8743133,
              10.2914063
            ],
            [
              76.8740947,
              10.2893659
            ],
            [
              76.8737338,
              10.2867183
            ],
            [
              76.8731902,
              10.2822771
            ],
            [
              76.8732262,
              10.2788947
            ],
            [
              76.8734481,
              10.2766416
            ],
            [
              76.8745466,
              10.2754647
            ],
            [
              76.883955,
              10.2709634
            ],
            [
              76.891444,
              10.2630766
            ],
            [
              76.8965102,
              10.2630777
            ],
            [
              76.8971885,
              10.2627523
            ],
            [
              76.8984995,
              10.2599926
            ],
            [
              76.8995263,
              10.2572825
            ],
            [
              76.9014178,
              10.2512582
            ],
            [
              76.9033527,
              10.2516436
            ],
            [
              76.9045114,
              10.2508202
            ],
            [
              76.9047689,
              10.2499967
            ],
            [
              76.9056058,
              10.2477796
            ],
            [
              76.9034367,
              10.2411272
            ],
            [
              76.9031377,
              10.240186
            ],
            [
              76.9052304,
              10.2403159
            ],
            [
              76.9062478,
              10.2408419
            ],
            [
              76.9076496,
              10.2409803
            ],
            [
              76.9089548,
              10.2402051
            ],
            [
              76.9097824,
              10.2387823
            ],
            [
              76.9094961,
              10.2368771
            ],
            [
              76.9105718,
              10.2358565
            ],
            [
              76.9119693,
              10.2351029
            ],
            [
              76.914324,
              10.2341873
            ],
            [
              76.9176891,
              10.2330819
            ],
            [
              76.9205736,
              10.2324972
            ],
            [
              76.9231812,
              10.2326722
            ],
            [
              76.9256586,
              10.2331816
            ],
            [
              76.926858,
              10.2336525
            ],
            [
              76.9290084,
              10.2346673
            ],
            [
              76.9325257,
              10.2368837
            ],
            [
              76.932996,
              10.2359905
            ],
            [
              76.9341067,
              10.236085
            ],
            [
              76.9364157,
              10.2376067
            ],
            [
              76.9377244,
              10.2390849
            ],
            [
              76.9385371,
              10.239474
            ],
            [
              76.9397607,
              10.2392671
            ],
            [
              76.9437895,
              10.2370208
            ],
            [
              76.9472829,
              10.2371143
            ],
            [
              76.9478419,
              10.235278
            ],
            [
              76.9488999,
              10.2334961
            ],
            [
              76.9504957,
              10.2325908
            ],
            [
              76.9507543,
              10.2324441
            ],
            [
              76.9531759,
              10.2323797
            ],
            [
              76.9536886,
              10.2325622
            ],
            [
              76.9549649,
              10.2339255
            ],
            [
              76.9562302,
              10.2343227
            ],
            [
              76.9588372,
              10.2342582
            ],
            [
              76.9609098,
              10.2333995
            ],
            [
              76.9632223,
              10.2325729
            ],
            [
              76.9652294,
              10.2312203
            ],
            [
              76.9661501,
              10.2309433
            ],
            [
              76.9675616,
              10.2313912
            ],
            [
              76.9702381,
              10.2302678
            ],
            [
              76.9712485,
              10.2297288
            ],
            [
              76.9724518,
              10.2283321
            ],
            [
              76.9725289,
              10.2271936
            ],
            [
              76.9731306,
              10.2258424
            ],
            [
              76.9755371,
              10.2254173
            ],
            [
              76.9767866,
              10.225387
            ],
            [
              76.9778973,
              10.2243091
            ],
            [
              76.9796405,
              10.2242332
            ],
            [
              76.9805507,
              10.2236715
            ],
            [
              76.981939,
              10.2207718
            ],
            [
              76.9824635,
              10.2204226
            ],
            [
              76.9839136,
              10.2206352
            ],
            [
              76.9841604,
              10.2212576
            ],
            [
              76.9835742,
              10.2224114
            ],
            [
              76.9841604,
              10.2230946
            ],
            [
              76.9864341,
              10.2233563
            ],
            [
              76.9874436,
              10.2239501
            ],
            [
              76.9888809,
              10.22522
            ],
            [
              76.9900687,
              10.2257665
            ],
            [
              76.9908555,
              10.2259639
            ],
            [
              76.9909326,
              10.2264497
            ],
            [
              76.990439,
              10.2279982
            ],
            [
              76.9907784,
              10.2287572
            ],
            [
              76.9916577,
              10.2288787
            ],
            [
              76.9923364,
              10.2293341
            ],
            [
              76.9930152,
              10.2303209
            ],
            [
              76.9936168,
              10.2305638
            ],
            [
              76.9948972,
              10.2308219
            ],
            [
              76.9958074,
              10.2313077
            ],
            [
              76.9967175,
              10.2310951
            ],
            [
              76.9979208,
              10.2302602
            ],
            [
              76.998615,
              10.2304879
            ],
            [
              76.9994326,
              10.2311103
            ],
            [
              76.9994943,
              10.2318997
            ],
            [
              76.9993709,
              10.2329169
            ],
            [
              77.0004816,
              10.2339795
            ],
            [
              77.0008529,
              10.2348277
            ],
            [
              77.0012347,
              10.2352678
            ],
            [
              77.0017037,
              10.2352678
            ],
            [
              77.0024673,
              10.2343232
            ],
            [
              77.0033618,
              10.2343017
            ],
            [
              77.0041799,
              10.2351497
            ],
            [
              77.0046489,
              10.2377367
            ],
            [
              77.0062088,
              10.2390571
            ],
            [
              77.0077468,
              10.2393469
            ],
            [
              77.0088813,
              10.2402271
            ],
            [
              77.0103866,
              10.2400876
            ],
            [
              77.0112075,
              10.2402878
            ],
            [
              77.0117501,
              10.242052
            ],
            [
              77.0120573,
              10.2426432
            ],
            [
              77.0127561,
              10.2429288
            ],
            [
              77.0132772,
              10.2442095
            ],
            [
              77.0142014,
              10.2460029
            ],
            [
              77.0146559,
              10.2459403
            ],
            [
              77.014738,
              10.245929
            ],
            [
              77.0165933,
              10.2455191
            ],
            [
              77.0175478,
              10.245766
            ],
            [
              77.0190804,
              10.246979
            ],
            [
              77.0201922,
              10.2475373
            ],
            [
              77.0239883,
              10.2489542
            ],
            [
              77.0246934,
              10.2498867
            ],
            [
              77.0259752,
              10.2500128
            ],
            [
              77.0265409,
              10.2497485
            ],
            [
              77.0269136,
              10.2497165
            ],
            [
              77.027808,
              10.250421
            ],
            [
              77.028874,
              10.2506609
            ],
            [
              77.0302811,
              10.2510396
            ],
            [
              77.0306789,
              10.2511467
            ],
            [
              77.0321356,
              10.2519112
            ],
            [
              77.0355664,
              10.2517602
            ],
            [
              77.0368977,
              10.252328
            ],
            [
              77.0373786,
              10.2529589
            ],
            [
              77.037963,
              10.253251
            ],
            [
              77.0382492,
              10.2533776
            ],
            [
              77.0387993,
              10.2530527
            ],
            [
              77.0388293,
              10.2528933
            ],
            [
              77.0392752,
              10.2529409
            ],
            [
              77.0407478,
              10.2529839
            ],
            [
              77.0414895,
              10.2533703
            ],
            [
              77.0425694,
              10.2545832
            ],
            [
              77.0438566,
              10.2553883
            ],
            [
              77.0453401,
              10.2559894
            ],
            [
              77.0463982,
              10.2571272
            ],
            [
              77.0467567,
              10.2592842
            ],
            [
              77.04774,
              10.2598464
            ],
            [
              77.0483156,
              10.2602728
            ],
            [
              77.0486338,
              10.2605514
            ],
            [
              77.0490844,
              10.2609104
            ],
            [
              77.0494813,
              10.2612904
            ],
            [
              77.0505738,
              10.2618843
            ],
            [
              77.0509891,
              10.2623848
            ],
            [
              77.0516903,
              10.2655627
            ],
            [
              77.0508572,
              10.2675458
            ],
            [
              77.0512861,
              10.2686936
            ],
            [
              77.051716,
              10.2698037
            ],
            [
              77.0519104,
              10.2718169
            ],
            [
              77.0515238,
              10.27252
            ],
            [
              77.0515954,
              10.2728124
            ],
            [
              77.0516642,
              10.2728517
            ],
            [
              77.0517758,
              10.2729154
            ],
            [
              77.052281,
              10.2734804
            ],
            [
              77.0522504,
              10.2737515
            ],
            [
              77.0520207,
              10.2738419
            ],
            [
              77.0515844,
              10.274098
            ],
            [
              77.0513074,
              10.27446
            ],
            [
              77.0510121,
              10.2751244
            ],
            [
              77.0506534,
              10.2758925
            ],
            [
              77.050474,
              10.2764583
            ],
            [
              77.0501945,
              10.2772627
            ],
            [
              77.0498516,
              10.2779167
            ],
            [
              77.049572,
              10.2783734
            ],
            [
              77.0488071,
              10.2791
            ],
            [
              77.0486036,
              10.2793817
            ],
            [
              77.0483691,
              10.2798271
            ],
            [
              77.0476201,
              10.2798312
            ],
            [
              77.0466854,
              10.2801918
            ],
            [
              77.0461834,
              10.2807991
            ],
            [
              77.0460291,
              10.2813822
            ],
            [
              77.0454632,
              10.2817547
            ],
            [
              77.0449283,
              10.2820421
            ],
            [
              77.0445086,
              10.2822284
            ],
            [
              77.0440518,
              10.2823296
            ],
            [
              77.0436549,
              10.2823881
            ],
            [
              77.0432823,
              10.282443
            ],
            [
              77.0431917,
              10.2827062
            ],
            [
              77.0432617,
              10.2829289
            ],
            [
              77.0433481,
              10.2830706
            ],
            [
              77.0434304,
              10.2833216
            ],
            [
              77.0435226,
              10.283785
            ],
            [
              77.0441449,
              10.2839146
            ],
            [
              77.0449561,
              10.2841421
            ],
            [
              77.0461245,
              10.2842984
            ],
            [
              77.0470263,
              10.2849673
            ],
            [
              77.048164,
              10.2848786
            ],
            [
              77.0495192,
              10.2852146
            ],
            [
              77.0503251,
              10.2853307
            ],
            [
              77.0510327,
              10.2851464
            ],
            [
              77.051775,
              10.2854058
            ],
            [
              77.0522467,
              10.2854058
            ],
            [
              77.0526976,
              10.2857197
            ],
            [
              77.0538311,
              10.2864374
            ],
            [
              77.0543152,
              10.2870258
            ],
            [
              77.0551601,
              10.2871005
            ],
            [
              77.0557771,
              10.2874321
            ],
            [
              77.0561331,
              10.2873714
            ],
            [
              77.0566058,
              10.2868576
            ],
            [
              77.057052,
              10.28695
            ],
            [
              77.0570776,
              10.2869751
            ],
            [
              77.0571584,
              10.2870545
            ],
            [
              77.0575401,
              10.2874294
            ],
            [
              77.0579908,
              10.2879337
            ],
            [
              77.0580741,
              10.2880364
            ],
            [
              77.0583586,
              10.2888568
            ],
            [
              77.058545,
              10.2893298
            ],
            [
              77.0589161,
              10.289754
            ],
            [
              77.0597624,
              10.290068
            ],
            [
              77.0606781,
              10.2908052
            ],
            [
              77.0614134,
              10.2912898
            ],
            [
              77.0624054,
              10.2916652
            ],
            [
              77.0626618,
              10.2923652
            ],
            [
              77.0631685,
              10.2931667
            ],
            [
              77.0636679,
              10.2938288
            ],
            [
              77.0639501,
              10.2948486
            ],
            [
              77.0648861,
              10.2969745
            ],
            [
              77.0654225,
              10.2972912
            ],
            [
              77.0663673,
              10.2975551
            ],
            [
              77.071498,
              10.2986908
            ],
            [
              77.0749182,
              10.3002515
            ],
            [
              77.08022,
              10.303691
            ],
            [
              77.0821581,
              10.3055306
            ],
            [
              77.0851651,
              10.3083771
            ],
            [
              77.091512,
              10.3142566
            ],
            [
              77.0887041,
              10.3178115
            ],
            [
              77.0896697,
              10.3222552
            ],
            [
              77.0866441,
              10.3234164
            ],
            [
              77.0848417,
              10.3221814
            ],
            [
              77.0820415,
              10.3208197
            ],
            [
              77.0802927,
              10.3229519
            ],
            [
              77.0812154,
              10.3246618
            ],
            [
              77.0831465,
              10.3270262
            ],
            [
              77.07937,
              10.3363883
            ],
            [
              77.0883822,
              10.3503203
            ],
            [
              77.0882106,
              10.356906
            ],
            [
              77.0868372,
              10.3628163
            ],
            [
              77.0891761,
              10.3671433
            ],
            [
              77.0888328,
              10.3715758
            ],
            [
              77.0859575,
              10.3787944
            ],
            [
              77.0813226,
              10.3828046
            ],
            [
              77.07201,
              10.3915847
            ],
            [
              77.0653152,
              10.3975787
            ],
            [
              77.05832,
              10.4040368
            ],
            [
              77.0497798,
              10.4100728
            ],
            [
              77.0440292,
              10.4145469
            ],
            [
              77.0456171,
              10.4189154
            ],
            [
              77.0443082,
              10.42168
            ],
            [
              77.0406174,
              10.4260695
            ],
            [
              77.0438576,
              10.4302902
            ],
            [
              77.0477628,
              10.4299103
            ],
            [
              77.0485139,
              10.4354393
            ],
            [
              77.0554876,
              10.4395543
            ],
            [
              77.0564103,
              10.4436692
            ],
            [
              77.0624184,
              10.4475731
            ],
            [
              77.0664739,
              10.4490081
            ],
            [
              77.0688343,
              10.4547477
            ],
            [
              77.072997,
              10.4587782
            ],
            [
              77.0726323,
              10.4652982
            ],
            [
              77.0666456,
              10.4639267
            ],
            [
              77.0647573,
              10.4675349
            ],
            [
              77.0589852,
              10.4739283
            ],
            [
              77.0591353,
              10.476988
            ],
            [
              77.0642209,
              10.4819885
            ],
            [
              77.0638132,
              10.4833811
            ],
            [
              77.0635986,
              10.4860818
            ],
            [
              77.0671176,
              10.4903016
            ],
            [
              77.0703792,
              10.4909346
            ],
            [
              77.0743703,
              10.4953231
            ],
            [
              77.0734691,
              10.5003446
            ],
            [
              77.0747566,
              10.5028342
            ],
            [
              77.0777607,
              10.5027076
            ],
            [
              77.0766019,
              10.5067162
            ],
            [
              77.0773744,
              10.5083619
            ],
            [
              77.0774173,
              10.5100075
            ],
            [
              77.0780611,
              10.5117797
            ],
            [
              77.0780181,
              10.5151553
            ],
            [
              77.0741558,
              10.5165477
            ],
            [
              77.0711946,
              10.5165477
            ],
            [
              77.0740056,
              10.5238472
            ],
            [
              77.0767736,
              10.5301762
            ],
            [
              77.0756668,
              10.5322991
            ],
            [
              77.0755874,
              10.5324513
            ],
            [
              77.0728469,
              10.5377075
            ],
            [
              77.0730615,
              10.5456394
            ],
            [
              77.0758939,
              10.5520101
            ],
            [
              77.0764947,
              10.5575368
            ],
            [
              77.0794129,
              10.5589713
            ],
            [
              77.0829963,
              10.5630003
            ],
            [
              77.0802712,
              10.5654472
            ],
            [
              77.0808076,
              10.5690753
            ],
            [
              77.0825672,
              10.5728722
            ],
            [
              77.0854425,
              10.5770697
            ],
            [
              77.0905709,
              10.5801704
            ],
            [
              77.0925236,
              10.5833132
            ],
            [
              77.0994973,
              10.5816047
            ],
            [
              77.1007204,
              10.5829546
            ],
            [
              77.1011066,
              10.5852959
            ],
            [
              77.105999,
              10.5848318
            ],
            [
              77.1142172,
              10.5843467
            ],
            [
              77.1250534,
              10.5834608
            ],
            [
              77.1444082,
              10.5828702
            ],
            [
              77.1492362,
              10.5822796
            ],
            [
              77.1575832,
              10.5828069
            ],
            [
              77.1586561,
              10.5851905
            ],
            [
              77.1605014,
              10.5859287
            ],
            [
              77.162733,
              10.5859498
            ],
            [
              77.1635055,
              10.587384
            ],
            [
              77.1656513,
              10.5870044
            ],
            [
              77.16578,
              10.5899151
            ],
            [
              77.16681,
              10.592404
            ],
            [
              77.1701145,
              10.5966645
            ],
            [
              77.1704578,
              10.6019374
            ],
            [
              77.1704578,
              10.6067884
            ],
            [
              77.171005,
              10.6077902
            ],
            [
              77.172153,
              10.6088553
            ],
            [
              77.1721959,
              10.6118186
            ],
            [
              77.1720672,
              10.6132211
            ],
            [
              77.1733117,
              10.6142334
            ],
            [
              77.1742343,
              10.619021
            ],
            [
              77.1748674,
              10.6254007
            ],
            [
              77.1751784,
              10.6270352
            ],
            [
              77.1771097,
              10.6299666
            ],
            [
              77.1798347,
              10.6349437
            ],
            [
              77.1810794,
              10.6383811
            ],
            [
              77.181723,
              10.6423037
            ],
            [
              77.1728182,
              10.6429996
            ],
            [
              77.165823,
              10.6470696
            ],
            [
              77.1604585,
              10.6468587
            ],
            [
              77.1527123,
              10.6493471
            ],
            [
              77.1518325,
              10.6529322
            ],
            [
              77.1512102,
              10.6543028
            ],
            [
              77.1484208,
              10.6552728
            ],
            [
              77.1443652,
              10.6601652
            ],
            [
              77.1438503,
              10.66666
            ],
            [
              77.141168,
              10.6721847
            ],
            [
              77.1411895,
              10.7082616
            ],
            [
              77.1423053,
              10.7184661
            ],
            [
              77.1395373,
              10.727848
            ],
            [
              77.1370268,
              10.7410876
            ],
            [
              77.1346879,
              10.7459153
            ],
            [
              77.135353,
              10.7505532
            ],
            [
              77.136426,
              10.751291
            ],
            [
              77.1373486,
              10.7545164
            ],
            [
              77.1390438,
              10.7546429
            ],
            [
              77.1400738,
              10.7559498
            ],
            [
              77.140181,
              10.7598497
            ],
            [
              77.1429705,
              10.7605243
            ],
            [
              77.1438717,
              10.763349
            ],
            [
              77.1462106,
              10.7658787
            ],
            [
              77.1487856,
              10.7675862
            ],
            [
              77.1506953,
              10.7657311
            ],
            [
              77.1531415,
              10.7664268
            ],
            [
              77.1536565,
              10.7716335
            ],
            [
              77.1567893,
              10.7722448
            ],
            [
              77.1569609,
              10.7775989
            ],
            [
              77.1597504,
              10.7791799
            ],
            [
              77.1592998,
              10.7874427
            ],
            [
              77.1602439,
              10.7919957
            ],
            [
              77.1641493,
              10.7926069
            ],
            [
              77.165544,
              10.7957054
            ],
            [
              77.1679687,
              10.7973705
            ],
            [
              77.1689987,
              10.8003425
            ],
            [
              77.1721101,
              10.8019655
            ],
            [
              77.1740627,
              10.7967171
            ],
            [
              77.1782684,
              10.7964642
            ],
            [
              77.1843195,
              10.7980661
            ],
            [
              77.1943616,
              10.8020287
            ],
            [
              77.2154331,
              10.8034198
            ],
            [
              77.215476,
              10.800469
            ],
            [
              77.2111415,
              10.7925016
            ],
            [
              77.2107982,
              10.7899932
            ],
            [
              77.2142744,
              10.7857565
            ],
            [
              77.2225785,
              10.7828898
            ],
            [
              77.2304534,
              10.777325
            ],
            [
              77.2411822,
              10.7769034
            ],
            [
              77.2456026,
              10.7777043
            ],
            [
              77.2533487,
              10.7766083
            ],
            [
              77.258091,
              10.7782313
            ],
            [
              77.2688197,
              10.7811192
            ],
            [
              77.2763299,
              10.783206
            ],
            [
              77.2765445,
              10.7857987
            ],
            [
              77.2710513,
              10.7898036
            ],
            [
              77.2742914,
              10.7996891
            ],
            [
              77.2810936,
              10.803462
            ],
            [
              77.2857499,
              10.808394
            ],
            [
              77.291286,
              10.8075509
            ],
            [
              77.2936678,
              10.8095322
            ],
            [
              77.2929382,
              10.8152651
            ],
            [
              77.2929811,
              10.8214193
            ],
            [
              77.291007,
              10.8229368
            ],
            [
              77.2851276,
              10.8280372
            ],
            [
              77.2853422,
              10.8372681
            ],
            [
              77.2848701,
              10.8395021
            ],
            [
              77.2836045,
              10.8400242
            ],
            [
              77.2805786,
              10.8412724
            ],
            [
              77.2736692,
              10.8430426
            ],
            [
              77.259593,
              10.8514723
            ],
            [
              77.2574043,
              10.8578788
            ],
            [
              77.2577476,
              10.8776451
            ],
            [
              77.2567606,
              10.8877595
            ],
            [
              77.2517657,
              10.8968779
            ],
            [
              77.2463321,
              10.9045319
            ],
            [
              77.2421264,
              10.9052062
            ],
            [
              77.235732,
              10.9071446
            ],
            [
              77.2234153,
              10.9009499
            ],
            [
              77.2200679,
              10.9014135
            ],
            [
              77.2138023,
              10.9030991
            ],
            [
              77.2096395,
              10.9031834
            ],
            [
              77.2079229,
              10.9082402
            ],
            [
              77.2075367,
              10.9119485
            ],
            [
              77.2030735,
              10.9122014
            ],
            [
              77.2010994,
              10.9154461
            ],
            [
              77.1991682,
              10.9192386
            ],
            [
              77.1971227,
              10.9190477
            ],
            [
              77.1887826,
              10.9182694
            ],
            [
              77.1869709,
              10.9200985
            ],
            [
              77.1857357,
              10.9213455
            ],
            [
              77.1803283,
              10.9233681
            ],
            [
              77.1773243,
              10.9339866
            ],
            [
              77.1737194,
              10.9390429
            ],
            [
              77.1763372,
              10.9416132
            ],
            [
              77.1739339,
              10.9446469
            ],
            [
              77.1713161,
              10.9486076
            ],
            [
              77.1689987,
              10.9564023
            ],
            [
              77.1691702,
              10.9656294
            ],
            [
              77.1704149,
              10.9677359
            ],
            [
              77.1641491,
              10.9786057
            ],
            [
              77.1535491,
              10.9968052
            ],
            [
              77.1545362,
              10.9997962
            ],
            [
              77.1637201,
              11.0012286
            ],
            [
              77.1690845,
              11.0078423
            ],
            [
              77.1699428,
              11.010412
            ],
            [
              77.1741485,
              11.0104541
            ],
            [
              77.1753501,
              11.0126867
            ],
            [
              77.1756933,
              11.0259559
            ],
            [
              77.1776246,
              11.0309264
            ],
            [
              77.176423,
              11.0424676
            ],
            [
              77.17638,
              11.0478591
            ],
            [
              77.1666812,
              11.0621795
            ],
            [
              77.1664881,
              11.0657595
            ],
            [
              77.1751785,
              11.0697817
            ],
            [
              77.1788691,
              11.0722456
            ],
            [
              77.1849417,
              11.0759938
            ],
            [
              77.1944046,
              11.0788999
            ],
            [
              77.197237,
              11.0831535
            ],
            [
              77.2061633,
              11.0895549
            ],
            [
              77.2131156,
              11.0897234
            ],
            [
              77.2164201,
              11.0893443
            ],
            [
              77.2216128,
              11.0938505
            ],
            [
              77.2252607,
              11.0951139
            ],
            [
              77.2304534,
              11.1000832
            ],
            [
              77.2345733,
              11.1030311
            ],
            [
              77.2409034,
              11.1046207
            ],
            [
              77.244716,
              11.1055607
            ],
            [
              77.2453879,
              11.1057263
            ],
            [
              77.2474301,
              11.1062914
            ],
            [
              77.2478986,
              11.106421
            ],
            [
              77.2493791,
              11.1079581
            ],
            [
              77.250924,
              11.1094741
            ],
            [
              77.2550439,
              11.1087794
            ],
            [
              77.2602796,
              11.1064842
            ],
            [
              77.2628974,
              11.1052209
            ],
            [
              77.2640562,
              11.1069053
            ],
            [
              77.2644853,
              11.111306
            ],
            [
              77.2631835,
              11.1128681
            ],
            [
              77.2609233,
              11.1155802
            ],
            [
              77.2534132,
              11.1219387
            ],
            [
              77.2503661,
              11.1290552
            ],
            [
              77.2481559,
              11.1319396
            ],
            [
              77.2448516,
              11.1370977
            ],
            [
              77.2396802,
              11.1379399
            ],
            [
              77.234745,
              11.1400031
            ],
            [
              77.2336721,
              11.1378557
            ],
            [
              77.2333717,
              11.1325712
            ],
            [
              77.2310543,
              11.129013
            ],
            [
              77.2274279,
              11.126276
            ],
            [
              77.2225141,
              11.1265497
            ],
            [
              77.2145748,
              11.126297
            ],
            [
              77.2129011,
              11.1310553
            ],
            [
              77.2108412,
              11.1393715
            ],
            [
              77.2053694,
              11.1395821
            ],
            [
              77.203331,
              11.1428242
            ],
            [
              77.1994257,
              11.1434769
            ],
            [
              77.197988,
              11.1446137
            ],
            [
              77.1961856,
              11.1445506
            ],
            [
              77.1956995,
              11.1459571
            ],
            [
              77.1951342,
              11.1475927
            ],
            [
              77.1909177,
              11.1475401
            ],
            [
              77.1901345,
              11.1503401
            ],
            [
              77.1857679,
              11.1501717
            ],
            [
              77.1858,
              11.1478664
            ],
            [
              77.1859395,
              11.1440558
            ],
            [
              77.1835899,
              11.1405505
            ],
            [
              77.1811867,
              11.1383504
            ],
            [
              77.1735369,
              11.1389294
            ],
            [
              77.174921,
              11.1438769
            ],
            [
              77.1753931,
              11.1458138
            ],
            [
              77.1783971,
              11.1517928
            ],
            [
              77.1768951,
              11.1557716
            ],
            [
              77.1770454,
              11.1580874
            ],
            [
              77.1769381,
              11.1602136
            ],
            [
              77.181766,
              11.1614977
            ],
            [
              77.1774745,
              11.1647397
            ],
            [
              77.1758008,
              11.1666554
            ],
            [
              77.172904,
              11.1682553
            ],
            [
              77.1690631,
              11.1682132
            ],
            [
              77.1607965,
              11.1679396
            ],
            [
              77.1590423,
              11.1979783
            ],
            [
              77.1529483,
              11.2003358
            ],
            [
              77.1502232,
              11.2006094
            ],
            [
              77.1496231,
              11.2013687
            ],
            [
              77.1487427,
              11.2024828
            ],
            [
              77.1477341,
              11.2040193
            ],
            [
              77.1453309,
              11.2058295
            ],
            [
              77.1482277,
              11.2143962
            ],
            [
              77.1480681,
              11.214944
            ],
            [
              77.1471977,
              11.2179322
            ],
            [
              77.1486568,
              11.2212788
            ],
            [
              77.1529057,
              11.2227024
            ],
            [
              77.1529913,
              11.2227311
            ],
            [
              77.1541071,
              11.2275298
            ],
            [
              77.1593427,
              11.2324969
            ],
            [
              77.159729,
              11.2437776
            ],
            [
              77.1638487,
              11.2440724
            ],
            [
              77.1652221,
              11.2708413
            ],
            [
              77.1690845,
              11.2829623
            ],
            [
              77.1614027,
              11.2831727
            ],
            [
              77.1611881,
              11.2809422
            ],
            [
              77.1509742,
              11.2790062
            ],
            [
              77.1498799,
              11.281342
            ],
            [
              77.1476591,
              11.2824467
            ],
            [
              77.1476054,
              11.2862029
            ],
            [
              77.1444189,
              11.2870972
            ],
            [
              77.1406745,
              11.282836
            ],
            [
              77.1350097,
              11.2831307
            ],
            [
              77.1233367,
              11.2874234
            ],
            [
              77.1217059,
              11.2893173
            ],
            [
              77.1185302,
              11.2918002
            ],
            [
              77.1169423,
              11.2966821
            ],
            [
              77.1190452,
              11.3014795
            ],
            [
              77.1204614,
              11.3030787
            ],
            [
              77.1262121,
              11.3015637
            ],
            [
              77.1265524,
              11.302113
            ],
            [
              77.1297311,
              11.3072448
            ],
            [
              77.1346664,
              11.3077078
            ],
            [
              77.1387862,
              11.3082969
            ],
            [
              77.1427774,
              11.3060245
            ],
            [
              77.1446546,
              11.3060226
            ],
            [
              77.1488911,
              11.3060184
            ],
            [
              77.1506846,
              11.3084862
            ],
            [
              77.1509528,
              11.3104641
            ],
            [
              77.150867,
              11.3127996
            ],
            [
              77.1510386,
              11.3153245
            ],
            [
              77.1510828,
              11.3169128
            ],
            [
              77.151103,
              11.317639
            ],
            [
              77.1512317,
              11.3204373
            ],
            [
              77.1498799,
              11.3218891
            ],
            [
              77.1488499,
              11.323383
            ],
            [
              77.1489572,
              11.3251293
            ],
            [
              77.1494078,
              11.3267072
            ],
            [
              77.1499228,
              11.3277803
            ],
            [
              77.1506953,
              11.3302419
            ],
            [
              77.1486568,
              11.3318199
            ],
            [
              77.1476483,
              11.3328508
            ],
            [
              77.1470475,
              11.3351861
            ],
            [
              77.1459317,
              11.335102
            ],
            [
              77.1440863,
              11.3350178
            ],
            [
              77.1414256,
              11.3364906
            ],
            [
              77.1403527,
              11.3376687
            ],
            [
              77.1384215,
              11.3409508
            ],
            [
              77.1372843,
              11.3430126
            ],
            [
              77.1354604,
              11.346505
            ],
            [
              77.134881,
              11.3479145
            ],
            [
              77.1338939,
              11.3495555
            ],
            [
              77.1320915,
              11.3505443
            ],
            [
              77.1312547,
              11.3522273
            ],
            [
              77.1298814,
              11.3552778
            ],
            [
              77.1299243,
              11.3563507
            ],
            [
              77.1300847,
              11.3566885
            ],
            [
              77.1305036,
              11.3575709
            ],
            [
              77.1307182,
              11.3588331
            ],
            [
              77.1307556,
              11.359124
            ],
            [
              77.1307642,
              11.3591909
            ],
            [
              77.1310401,
              11.3613366
            ],
            [
              77.1305895,
              11.3646394
            ],
            [
              77.1297312,
              11.3663434
            ],
            [
              77.1298384,
              11.3693306
            ],
            [
              77.1299137,
              11.3711946
            ],
            [
              77.1300101,
              11.37358
            ],
            [
              77.129066,
              11.3749263
            ],
            [
              77.1285295,
              11.3758939
            ],
            [
              77.128272,
              11.3782079
            ],
            [
              77.1199035,
              11.3785445
            ],
            [
              77.1188028,
              11.3785184
            ],
            [
              77.1136808,
              11.3783972
            ],
            [
              77.1136164,
              11.3791335
            ],
            [
              77.113595,
              11.3803536
            ],
            [
              77.1134877,
              11.3815526
            ],
            [
              77.1134233,
              11.3835299
            ],
            [
              77.1116638,
              11.3862856
            ],
            [
              77.11205,
              11.3917968
            ],
            [
              77.1102905,
              11.3940475
            ],
            [
              77.1105051,
              11.4015358
            ],
            [
              77.1105909,
              11.4052378
            ],
            [
              77.1082091,
              11.4051747
            ],
            [
              77.1048188,
              11.4050695
            ],
            [
              77.1003985,
              11.4039337
            ],
            [
              77.0991969,
              11.4037023
            ],
            [
              77.0964074,
              11.4030713
            ],
            [
              77.0940256,
              11.4027768
            ],
            [
              77.0916009,
              11.4020196
            ],
            [
              77.0915586,
              11.4019427
            ],
            [
              77.0908499,
              11.4006524
            ],
            [
              77.0902705,
              11.39918
            ],
            [
              77.0898838,
              11.3981723
            ],
            [
              77.0893907,
              11.3968872
            ],
            [
              77.0891332,
              11.3949941
            ],
            [
              77.0886826,
              11.3934586
            ],
            [
              77.0861935,
              11.3908713
            ],
            [
              77.0832753,
              11.3891674
            ],
            [
              77.0810652,
              11.3882419
            ],
            [
              77.0790165,
              11.389053
            ],
            [
              77.0788336,
              11.3891254
            ],
            [
              77.0770311,
              11.3898195
            ],
            [
              77.0763016,
              11.3902192
            ],
            [
              77.0754003,
              11.3912289
            ],
            [
              77.0743704,
              11.3890622
            ],
            [
              77.0732975,
              11.3882208
            ],
            [
              77.0717311,
              11.3865801
            ],
            [
              77.0691776,
              11.3858228
            ],
            [
              77.0691776,
              11.3884943
            ],
            [
              77.0692849,
              11.3932272
            ],
            [
              77.0692849,
              11.3951834
            ],
            [
              77.0695424,
              11.396761
            ],
            [
              77.0700762,
              11.3977533
            ],
            [
              77.0701647,
              11.3979179
            ],
            [
              77.0706367,
              11.399201
            ],
            [
              77.0704598,
              11.4004342
            ],
            [
              77.0704436,
              11.4005472
            ],
            [
              77.07024,
              11.4007195
            ],
            [
              77.0694995,
              11.4013465
            ],
            [
              77.0669031,
              11.4013675
            ],
            [
              77.0645213,
              11.4011993
            ],
            [
              77.0642779,
              11.4012142
            ],
            [
              77.0620751,
              11.4015358
            ],
            [
              77.0613456,
              11.4027979
            ],
            [
              77.0603585,
              11.4037444
            ],
            [
              77.0589423,
              11.4042282
            ],
            [
              77.0560241,
              11.4042282
            ],
            [
              77.0543504,
              11.4026086
            ],
            [
              77.0534491,
              11.4023561
            ],
            [
              77.0519686,
              11.4023141
            ],
            [
              77.0492005,
              11.4024824
            ],
            [
              77.0449948,
              11.402272
            ],
            [
              77.04463,
              11.3983176
            ],
            [
              77.0429563,
              11.3976234
            ],
            [
              77.0413255,
              11.3968451
            ],
            [
              77.0398235,
              11.3954989
            ],
            [
              77.037549,
              11.393122
            ],
            [
              77.0366263,
              11.3918809
            ],
            [
              77.0350599,
              11.3890833
            ],
            [
              77.0339227,
              11.3869798
            ],
            [
              77.0322704,
              11.3849393
            ],
            [
              77.0316696,
              11.3844345
            ],
            [
              77.0304036,
              11.3849604
            ],
            [
              77.0296955,
              11.3857387
            ],
            [
              77.0284295,
              11.3866222
            ],
            [
              77.0272493,
              11.3872743
            ],
            [
              77.0258117,
              11.3880526
            ],
            [
              77.024095,
              11.3882208
            ],
            [
              77.0231938,
              11.3874005
            ],
            [
              77.0228505,
              11.385339
            ],
            [
              77.0231509,
              11.3836982
            ],
            [
              77.0239663,
              11.3819312
            ],
            [
              77.024374,
              11.3796594
            ],
            [
              77.0252967,
              11.3768616
            ],
            [
              77.0255327,
              11.3745897
            ],
            [
              77.0254683,
              11.3734958
            ],
            [
              77.0243096,
              11.3721495
            ],
            [
              77.0233226,
              11.3712239
            ],
            [
              77.0216059,
              11.3704876
            ],
            [
              77.019782,
              11.3701721
            ],
            [
              77.0179581,
              11.3705086
            ],
            [
              77.0151257,
              11.3704455
            ],
            [
              77.0121217,
              11.3690782
            ],
            [
              77.0104265,
              11.368973
            ],
            [
              77.0093322,
              11.369015
            ],
            [
              77.0079589,
              11.369562
            ],
            [
              77.0058775,
              11.37074
            ],
            [
              77.0042252,
              11.3714132
            ],
            [
              77.0008135,
              11.372444
            ],
            [
              76.997509,
              11.3744004
            ],
            [
              76.9967794,
              11.3748421
            ],
            [
              76.9945478,
              11.3762936
            ],
            [
              76.9923162,
              11.3772402
            ],
            [
              76.9904709,
              11.3778082
            ],
            [
              76.989119,
              11.3788179
            ],
            [
              76.9881105,
              11.380017
            ],
            [
              76.9872737,
              11.3812371
            ],
            [
              76.9843125,
              11.3824782
            ],
            [
              76.9804072,
              11.3827306
            ],
            [
              76.9798922,
              11.3813633
            ],
            [
              76.9798493,
              11.3802273
            ],
            [
              76.9794845,
              11.378839
            ],
            [
              76.978476,
              11.3783131
            ],
            [
              76.9775748,
              11.3790283
            ],
            [
              76.9763088,
              11.3805639
            ],
            [
              76.9736695,
              11.3834668
            ],
            [
              76.9709418,
              11.3851211
            ],
            [
              76.9635415,
              11.3853811
            ],
            [
              76.9563102,
              11.379996
            ],
            [
              76.9534778,
              11.3779765
            ],
            [
              76.9489288,
              11.3754943
            ],
            [
              76.9456243,
              11.375326
            ],
            [
              76.941204,
              11.3753681
            ],
            [
              76.9387579,
              11.375326
            ],
            [
              76.9345092,
              11.3755784
            ],
            [
              76.9316768,
              11.3752418
            ],
            [
              76.9316339,
              11.3721705
            ],
            [
              76.9324922,
              11.3707821
            ],
            [
              76.9341659,
              11.3692675
            ],
            [
              76.9359684,
              11.367248
            ],
            [
              76.9375133,
              11.3661541
            ],
            [
              76.9395732,
              11.3659437
            ],
            [
              76.9428348,
              11.3662382
            ],
            [
              76.9457531,
              11.3667431
            ],
            [
              76.9481563,
              11.3673742
            ],
            [
              76.9506883,
              11.3665327
            ],
            [
              76.9485426,
              11.3640083
            ],
            [
              76.9448947,
              11.364387
            ],
            [
              76.9415044,
              11.3640083
            ],
            [
              76.938672,
              11.3633982
            ],
            [
              76.937406,
              11.3623043
            ],
            [
              76.9372773,
              11.3613366
            ],
            [
              76.9369125,
              11.3597588
            ],
            [
              76.9364619,
              11.35877
            ],
            [
              76.9352817,
              11.3577602
            ],
            [
              76.9336724,
              11.3571712
            ],
            [
              76.9324064,
              11.3567294
            ],
            [
              76.9315696,
              11.3574236
            ],
            [
              76.931827,
              11.3595905
            ],
            [
              76.9319773,
              11.3608948
            ],
            [
              76.9315052,
              11.3620939
            ],
            [
              76.9299173,
              11.3616521
            ],
            [
              76.9280505,
              11.3605372
            ],
            [
              76.9269991,
              11.3601164
            ],
            [
              76.9254112,
              11.3600533
            ],
            [
              76.9247246,
              11.3586017
            ],
            [
              76.923716,
              11.3575499
            ],
            [
              76.9222569,
              11.3577182
            ],
            [
              76.9203257,
              11.3583072
            ],
            [
              76.9205618,
              11.3567084
            ],
            [
              76.9185447,
              11.3560141
            ],
            [
              76.9174933,
              11.3557617
            ],
            [
              76.9149613,
              11.3558037
            ],
            [
              76.9136309,
              11.3542259
            ],
            [
              76.9104337,
              11.352627
            ],
            [
              76.9068932,
              11.3506074
            ],
            [
              76.9057131,
              11.350397
            ],
            [
              76.9038462,
              11.3503339
            ],
            [
              76.9014001,
              11.3504391
            ],
            [
              76.9014215,
              11.3592328
            ],
            [
              76.9012713,
              11.3601164
            ],
            [
              76.8998766,
              11.3609158
            ],
            [
              76.8966365,
              11.3624515
            ],
            [
              76.8947482,
              11.3631878
            ],
            [
              76.8921733,
              11.3646394
            ],
            [
              76.8908858,
              11.3646815
            ],
            [
              76.8906927,
              11.3593591
            ],
            [
              76.8882251,
              11.3575499
            ],
            [
              76.8880749,
              11.3555092
            ],
            [
              76.8872809,
              11.3531319
            ],
            [
              76.886723,
              11.3521011
            ],
            [
              76.8860364,
              11.3505022
            ],
            [
              76.8848777,
              11.3489875
            ],
            [
              76.8844485,
              11.3495134
            ],
            [
              76.8834829,
              11.3508178
            ],
            [
              76.8827104,
              11.352059
            ],
            [
              76.8812942,
              11.3539314
            ],
            [
              76.8795991,
              11.3554671
            ],
            [
              76.8785476,
              11.3569187
            ],
            [
              76.875329,
              11.3540155
            ],
            [
              76.8742132,
              11.352585
            ],
            [
              76.8727326,
              11.3513648
            ],
            [
              76.8708014,
              11.35147
            ],
            [
              76.8688273,
              11.351512
            ],
            [
              76.8663168,
              11.3504812
            ],
            [
              76.8650937,
              11.3477252
            ],
            [
              76.8642783,
              11.3461473
            ],
            [
              76.8620896,
              11.3456424
            ],
            [
              76.8594074,
              11.3458317
            ],
            [
              76.8552661,
              11.3449061
            ],
            [
              76.85503,
              11.34377
            ],
            [
              76.8546223,
              11.341582
            ],
            [
              76.8545365,
              11.3394781
            ],
            [
              76.8536782,
              11.3389311
            ],
            [
              76.8519401,
              11.3389311
            ],
            [
              76.8498802,
              11.3392256
            ],
            [
              76.8497085,
              11.3380264
            ],
            [
              76.8494725,
              11.3355438
            ],
            [
              76.8504166,
              11.3332295
            ],
            [
              76.8521118,
              11.3320303
            ],
            [
              76.8535924,
              11.3306837
            ],
            [
              76.8550944,
              11.3272753
            ],
            [
              76.8564892,
              11.3236986
            ],
            [
              76.8574333,
              11.3212579
            ],
            [
              76.8579268,
              11.319196
            ],
            [
              76.8574977,
              11.3175127
            ],
            [
              76.8565106,
              11.3158085
            ],
            [
              76.8564677,
              11.3134519
            ],
            [
              76.8583131,
              11.3120422
            ],
            [
              76.8600511,
              11.310422
            ],
            [
              76.8605017,
              11.3087387
            ],
            [
              76.8602443,
              11.3060876
            ],
            [
              76.8587422,
              11.3031838
            ],
            [
              76.8572831,
              11.3010376
            ],
            [
              76.8559098,
              11.2992491
            ],
            [
              76.8560815,
              11.2975657
            ],
            [
              76.8554592,
              11.2957351
            ],
            [
              76.8538284,
              11.2933152
            ],
            [
              76.8529916,
              11.2924104
            ],
            [
              76.8521333,
              11.2925156
            ],
            [
              76.8495583,
              11.2933784
            ],
            [
              76.8483782,
              11.2933363
            ],
            [
              76.8465972,
              11.2927892
            ],
            [
              76.8447733,
              11.2917581
            ],
            [
              76.8428635,
              11.2886438
            ],
            [
              76.8418765,
              11.2872761
            ],
            [
              76.8404817,
              11.2869815
            ],
            [
              76.8394089,
              11.2875075
            ],
            [
              76.8362975,
              11.2890015
            ],
            [
              76.8321562,
              11.2908112
            ],
            [
              76.8203759,
              11.2914004
            ],
            [
              76.819303,
              11.2909374
            ],
            [
              76.8184232,
              11.2900326
            ],
            [
              76.8173933,
              11.2896959
            ],
            [
              76.8161917,
              11.2897801
            ],
            [
              76.8146682,
              11.2910216
            ],
            [
              76.8123936,
              11.2928944
            ],
            [
              76.8097758,
              11.2950196
            ],
            [
              76.8070507,
              11.2959244
            ],
            [
              76.8031454,
              11.2949986
            ],
            [
              76.7975879,
              11.2922
            ],
            [
              76.7960429,
              11.2900958
            ],
            [
              76.7946911,
              11.2869815
            ],
            [
              76.7911291,
              11.2817418
            ],
            [
              76.7903566,
              11.2805213
            ],
            [
              76.7888546,
              11.2790272
            ],
            [
              76.7874384,
              11.2777436
            ],
            [
              76.7840481,
              11.2799952
            ],
            [
              76.7822671,
              11.2814472
            ],
            [
              76.7787695,
              11.2844563
            ],
            [
              76.7766881,
              11.2857189
            ],
            [
              76.7757439,
              11.2857399
            ],
            [
              76.7741561,
              11.2859083
            ],
            [
              76.772654,
              11.2865816
            ],
            [
              76.7712164,
              11.2875075
            ],
            [
              76.769371,
              11.2883703
            ],
            [
              76.7680406,
              11.2888963
            ],
            [
              76.7670536,
              11.2883071
            ],
            [
              76.765809,
              11.2861818
            ],
            [
              76.764307,
              11.2841828
            ],
            [
              76.7652082,
              11.2824572
            ],
            [
              76.7662811,
              11.2815524
            ],
            [
              76.7676973,
              11.27989
            ],
            [
              76.7683196,
              11.2783328
            ],
            [
              76.7679977,
              11.2734086
            ],
            [
              76.7678475,
              11.2707571
            ],
            [
              76.7669034,
              11.2675795
            ],
            [
              76.7665815,
              11.2652225
            ],
            [
              76.764071,
              11.2625078
            ],
            [
              76.7599726,
              11.2576044
            ],
            [
              76.7579341,
              11.256952
            ],
            [
              76.7568183,
              11.2581305
            ],
            [
              76.7555737,
              11.2551842
            ],
            [
              76.7528701,
              11.2547423
            ],
            [
              76.7504453,
              11.253227
            ],
            [
              76.7478275,
              11.2511436
            ],
            [
              76.7472267,
              11.2512067
            ],
            [
              76.7463255,
              11.2520906
            ],
            [
              76.7447591,
              11.2529114
            ],
            [
              76.7427635,
              11.2533954
            ],
            [
              76.7402744,
              11.2516066
            ],
            [
              76.7381716,
              11.2493126
            ],
            [
              76.7373132,
              11.2472291
            ],
            [
              76.7365193,
              11.2452719
            ],
            [
              76.7349314,
              11.244893
            ],
            [
              76.7325496,
              11.2451877
            ],
            [
              76.7307901,
              11.2455876
            ],
            [
              76.7290306,
              11.2466188
            ],
            [
              76.727314,
              11.2481551
            ],
            [
              76.7251467,
              11.2505753
            ],
            [
              76.7233658,
              11.2523011
            ],
            [
              76.7188811,
              11.2553105
            ],
            [
              76.7170357,
              11.2565101
            ],
            [
              76.7150616,
              11.2573939
            ],
            [
              76.7129802,
              11.2573729
            ],
            [
              76.7105341,
              11.2573098
            ],
            [
              76.7095256,
              11.2583199
            ],
            [
              76.7089891,
              11.2598351
            ],
            [
              76.7084527,
              11.261182
            ],
            [
              76.706779,
              11.2614977
            ],
            [
              76.7044401,
              11.2614556
            ],
            [
              76.7016077,
              11.2604875
            ],
            [
              76.7005133,
              11.2593301
            ],
            [
              76.6997838,
              11.2576254
            ],
            [
              76.6995477,
              11.2549527
            ],
            [
              76.699655,
              11.2511646
            ],
            [
              76.7004275,
              11.2494178
            ],
            [
              76.7018759,
              11.2472607
            ],
            [
              76.7035174,
              11.2444406
            ],
            [
              76.7043972,
              11.2424307
            ],
            [
              76.7066249,
              11.2384521
            ],
            [
              76.7071943,
              11.2383183
            ],
            [
              76.7076366,
              11.2368867
            ],
            [
              76.7091348,
              11.2353182
            ],
            [
              76.710279,
              11.2329139
            ],
            [
              76.711032,
              11.2318588
            ],
            [
              76.7146763,
              11.2309672
            ],
            [
              76.7179619,
              11.2283209
            ],
            [
              76.719628,
              11.2270275
            ],
            [
              76.7203569,
              11.2254056
            ],
            [
              76.7209401,
              11.2246037
            ],
            [
              76.7219971,
              11.224549
            ],
            [
              76.7248248,
              11.2257198
            ],
            [
              76.725459,
              11.2255579
            ],
            [
              76.72577,
              11.2244319
            ],
            [
              76.7256966,
              11.2205124
            ],
            [
              76.725815,
              11.2186809
            ],
            [
              76.7261613,
              11.2182526
            ],
            [
              76.7277559,
              11.2185716
            ],
            [
              76.729328,
              11.2173096
            ],
            [
              76.7309086,
              11.2160475
            ],
            [
              76.7315647,
              11.2155646
            ],
            [
              76.731697,
              11.2150254
            ],
            [
              76.7317886,
              11.2136317
            ],
            [
              76.7308089,
              11.2134474
            ],
            [
              76.7299656,
              11.2130322
            ],
            [
              76.7290224,
              11.2113002
            ],
            [
              76.7269504,
              11.2105174
            ],
            [
              76.7252643,
              11.2074755
            ],
            [
              76.7222067,
              11.2036097
            ],
            [
              76.7239046,
              11.2008525
            ],
            [
              76.7259589,
              11.1982745
            ],
            [
              76.7270451,
              11.1965387
            ],
            [
              76.7289447,
              11.1934738
            ],
            [
              76.7288129,
              11.1909166
            ],
            [
              76.7280861,
              11.1909004
            ],
            [
              76.7275091,
              11.1909472
            ],
            [
              76.725979,
              11.1910715
            ],
            [
              76.7246639,
              11.1917899
            ],
            [
              76.7231297,
              11.1917161
            ],
            [
              76.7212629,
              11.1904741
            ],
            [
              76.7205763,
              11.1878219
            ],
            [
              76.7193532,
              11.1864116
            ],
            [
              76.7174005,
              11.1858116
            ],
            [
              76.7158663,
              11.1860012
            ],
            [
              76.7130983,
              11.1881271
            ],
            [
              76.711446,
              11.1878641
            ],
            [
              76.7098689,
              11.1872956
            ],
            [
              76.709708,
              11.184917
            ],
            [
              76.709193,
              11.1826014
            ],
            [
              76.7080986,
              11.1801386
            ],
            [
              76.7071438,
              11.1789281
            ],
            [
              76.7052125,
              11.1795176
            ],
            [
              76.7034745,
              11.1810542
            ],
            [
              76.7020261,
              11.1816331
            ],
            [
              76.7009747,
              11.1818121
            ],
            [
              76.6998804,
              11.1812647
            ],
            [
              76.6997731,
              11.1798438
            ],
            [
              76.7000306,
              11.1785177
            ],
            [
              76.7010605,
              11.176581
            ],
            [
              76.7012643,
              11.1756653
            ],
            [
              76.7006849,
              11.1752549
            ],
            [
              76.6960072,
              11.175139
            ],
            [
              76.6943764,
              11.1728445
            ],
            [
              76.6928315,
              11.1719919
            ],
            [
              76.6917103,
              11.163203
            ],
            [
              76.6899684,
              11.1621865
            ],
            [
              76.6894855,
              11.1606921
            ],
            [
              76.6896769,
              11.1594753
            ],
            [
              76.6899568,
              11.1590962
            ],
            [
              76.6903784,
              11.1584506
            ],
            [
              76.6914628,
              11.1579767
            ],
            [
              76.6928387,
              11.1559994
            ],
            [
              76.6952989,
              11.1556623
            ],
            [
              76.6960188,
              11.1551702
            ],
            [
              76.6965466,
              11.1541072
            ],
            [
              76.6966566,
              11.1530471
            ],
            [
              76.6961281,
              11.1522544
            ],
            [
              76.6954447,
              11.1516712
            ],
            [
              76.6956998,
              11.1507418
            ],
            [
              76.6960917,
              11.1500402
            ],
            [
              76.6967842,
              11.149457
            ],
            [
              76.6978412,
              11.1492657
            ],
            [
              76.6987341,
              11.1496028
            ],
            [
              76.6996818,
              11.149785
            ],
            [
              76.7004492,
              11.1497372
            ],
            [
              76.7011397,
              11.1492383
            ],
            [
              76.7017229,
              11.1482451
            ],
            [
              76.7019093,
              11.1474035
            ],
            [
              76.7016135,
              11.1469421
            ],
            [
              76.7000007,
              11.1468419
            ],
            [
              76.7001738,
              11.1462131
            ],
            [
              76.7010486,
              11.145466
            ],
            [
              76.7017775,
              11.144819
            ],
            [
              76.7022058,
              11.1440718
            ],
            [
              76.7034628,
              11.1431147
            ],
            [
              76.7044851,
              11.1421659
            ],
            [
              76.7058927,
              11.1415384
            ],
            [
              76.7071317,
              11.1413046
            ],
            [
              76.7090452,
              11.1412201
            ],
            [
              76.7111082,
              11.1413382
            ],
            [
              76.7122108,
              11.1416025
            ],
            [
              76.7126754,
              11.1422166
            ],
            [
              76.7123657,
              11.1431971
            ],
            [
              76.7118177,
              11.1442461
            ],
            [
              76.7106199,
              11.1449717
            ],
            [
              76.7090176,
              11.1453333
            ],
            [
              76.7086024,
              11.1459398
            ],
            [
              76.7084847,
              11.1465453
            ],
            [
              76.7091218,
              11.1472519
            ],
            [
              76.7106745,
              11.1477491
            ],
            [
              76.7117421,
              11.1477953
            ],
            [
              76.71291,
              11.1479176
            ],
            [
              76.7140879,
              11.1482178
            ],
            [
              76.7151454,
              11.1487502
            ],
            [
              76.7157736,
              11.1488374
            ],
            [
              76.7160743,
              11.1483089
            ],
            [
              76.716457,
              11.1477257
            ],
            [
              76.7171222,
              11.1473977
            ],
            [
              76.7180965,
              11.1473875
            ],
            [
              76.7181804,
              11.1468605
            ],
            [
              76.7175413,
              11.1453931
            ],
            [
              76.716892,
              11.1437755
            ],
            [
              76.7169946,
              11.1433155
            ],
            [
              76.7177873,
              11.1427688
            ],
            [
              76.7187897,
              11.1420672
            ],
            [
              76.7191268,
              11.1417938
            ],
            [
              76.7193508,
              11.1408868
            ],
            [
              76.7207487,
              11.1404726
            ],
            [
              76.7221821,
              11.1398586
            ],
            [
              76.7230461,
              11.1392052
            ],
            [
              76.7245029,
              11.1381035
            ],
            [
              76.725241,
              11.137174
            ],
            [
              76.7259061,
              11.1360168
            ],
            [
              76.7260428,
              11.1352787
            ],
            [
              76.7259152,
              11.1344222
            ],
            [
              76.7259166,
              11.1337007
            ],
            [
              76.7261613,
              11.1333105
            ],
            [
              76.7267171,
              11.1334108
            ],
            [
              76.7272912,
              11.1339393
            ],
            [
              76.7277468,
              11.1340395
            ],
            [
              76.7284939,
              11.1337297
            ],
            [
              76.7285668,
              11.1329734
            ],
            [
              76.7281024,
              11.1316516
            ],
            [
              76.7279837,
              11.1305314
            ],
            [
              76.7282297,
              11.1300211
            ],
            [
              76.7285395,
              11.1299664
            ],
            [
              76.7302161,
              11.1304676
            ],
            [
              76.7312458,
              11.1310143
            ],
            [
              76.7321484,
              11.1318162
            ],
            [
              76.7334162,
              11.1330617
            ],
            [
              76.7339976,
              11.133757
            ],
            [
              76.7339799,
              11.1347806
            ],
            [
              76.734116,
              11.1357252
            ],
            [
              76.7344167,
              11.1361444
            ],
            [
              76.7349726,
              11.1361353
            ],
            [
              76.7355284,
              11.1353607
            ],
            [
              76.736387,
              11.1346892
            ],
            [
              76.7373053,
              11.1344404
            ],
            [
              76.7382802,
              11.1342946
            ],
            [
              76.7391368,
              11.133921
            ],
            [
              76.7401501,
              11.1333566
            ],
            [
              76.7400206,
              11.1327912
            ],
            [
              76.7390092,
              11.132618
            ],
            [
              76.7382985,
              11.1323538
            ],
            [
              76.7384807,
              11.1319984
            ],
            [
              76.7391094,
              11.1316339
            ],
            [
              76.7401482,
              11.131643
            ],
            [
              76.7413783,
              11.1320804
            ],
            [
              76.7423442,
              11.133019
            ],
            [
              76.743383,
              11.1344951
            ],
            [
              76.7444874,
              11.1358097
            ],
            [
              76.7449522,
              11.1364661
            ],
            [
              76.7467546,
              11.1367609
            ],
            [
              76.748085,
              11.1362135
            ],
            [
              76.7479628,
              11.1342951
            ],
            [
              76.7479562,
              11.1341923
            ],
            [
              76.7475505,
              11.1333651
            ],
            [
              76.7467271,
              11.1327729
            ],
            [
              76.74762,
              11.1310052
            ],
            [
              76.7468728,
              11.1302398
            ],
            [
              76.7452179,
              11.1304936
            ],
            [
              76.7458159,
              11.1282534
            ],
            [
              76.7465171,
              11.1259368
            ],
            [
              76.7472267,
              11.1238758
            ],
            [
              76.7479481,
              11.122768
            ],
            [
              76.7474742,
              11.1210731
            ],
            [
              76.7471879,
              11.1197197
            ],
            [
              76.7471036,
              11.1188959
            ],
            [
              76.747821,
              11.1168481
            ],
            [
              76.7477658,
              11.1154875
            ],
            [
              76.7477082,
              11.1146666
            ],
            [
              76.7471462,
              11.1139749
            ],
            [
              76.747431,
              11.1121475
            ],
            [
              76.747538,
              11.1114326
            ],
            [
              76.7464876,
              11.1100624
            ],
            [
              76.7461439,
              11.1092184
            ],
            [
              76.745424,
              11.1086261
            ],
            [
              76.7436438,
              11.1082805
            ],
            [
              76.7424809,
              11.1082434
            ],
            [
              76.7419797,
              11.108535
            ],
            [
              76.741351,
              11.1092457
            ],
            [
              76.7409774,
              11.1093186
            ],
            [
              76.740622,
              11.1090726
            ],
            [
              76.7407314,
              11.1081888
            ],
            [
              76.7411323,
              11.1071773
            ],
            [
              76.7406519,
              11.1047443
            ],
            [
              76.7402758,
              11.1041612
            ],
            [
              76.739483,
              11.1044346
            ],
            [
              76.7393524,
              11.1044367
            ],
            [
              76.7389272,
              11.1044437
            ],
            [
              76.7389305,
              11.1044181
            ],
            [
              76.7390639,
              11.1033776
            ],
            [
              76.7396926,
              11.1023662
            ],
            [
              76.7406767,
              11.101209
            ],
            [
              76.7412234,
              11.0999697
            ],
            [
              76.7423488,
              11.0998801
            ],
            [
              76.7432098,
              11.0998604
            ],
            [
              76.7444217,
              11.0978375
            ],
            [
              76.7456006,
              11.0950296
            ],
            [
              76.7461235,
              11.0934555
            ],
            [
              76.746718,
              11.0923612
            ],
            [
              76.748127,
              11.0923784
            ],
            [
              76.749587,
              11.0931767
            ],
            [
              76.7509004,
              11.0934182
            ],
            [
              76.751833,
              11.0927853
            ],
            [
              76.7523765,
              11.0905235
            ],
            [
              76.7527228,
              11.0895638
            ],
            [
              76.7528486,
              11.0880809
            ],
            [
              76.7527592,
              11.0869851
            ],
            [
              76.7531692,
              11.0861286
            ],
            [
              76.7537927,
              11.0854277
            ],
            [
              76.7545652,
              11.0830692
            ],
            [
              76.754136,
              11.0805002
            ],
            [
              76.7545634,
              11.0792308
            ],
            [
              76.7543765,
              11.0779295
            ],
            [
              76.753519,
              11.0775345
            ],
            [
              76.7523401,
              11.0775906
            ],
            [
              76.7515291,
              11.0785292
            ],
            [
              76.751037,
              11.0789848
            ],
            [
              76.7500438,
              11.0789574
            ],
            [
              76.7497705,
              11.0784289
            ],
            [
              76.7498445,
              11.0775521
            ],
            [
              76.7493639,
              11.0757796
            ],
            [
              76.7483536,
              11.074162
            ],
            [
              76.747456,
              11.0741828
            ],
            [
              76.7463352,
              11.0754038
            ],
            [
              76.7453395,
              11.0753812
            ],
            [
              76.7448663,
              11.0743934
            ],
            [
              76.7448682,
              11.0730893
            ],
            [
              76.744645,
              11.0721717
            ],
            [
              76.743875,
              11.0724059
            ],
            [
              76.7421812,
              11.0732826
            ],
            [
              76.7415606,
              11.073062
            ],
            [
              76.7410958,
              11.0718774
            ],
            [
              76.7409865,
              11.0703922
            ],
            [
              76.7413543,
              11.0694722
            ],
            [
              76.7431278,
              11.0689889
            ],
            [
              76.7437657,
              11.0682964
            ],
            [
              76.7440271,
              11.0673976
            ],
            [
              76.7436837,
              11.066884
            ],
            [
              76.7428453,
              11.0668111
            ],
            [
              76.7423989,
              11.0662462
            ],
            [
              76.7427178,
              11.0653168
            ],
            [
              76.7430979,
              11.0642792
            ],
            [
              76.7431592,
              11.0637095
            ],
            [
              76.7433249,
              11.0622605
            ],
            [
              76.7448135,
              11.0606241
            ],
            [
              76.7458663,
              11.0600967
            ],
            [
              76.7458492,
              11.0586701
            ],
            [
              76.7451051,
              11.0578541
            ],
            [
              76.7443878,
              11.0570718
            ],
            [
              76.7446131,
              11.056633
            ],
            [
              76.7453147,
              11.0566877
            ],
            [
              76.7456838,
              11.0560095
            ],
            [
              76.7460874,
              11.0552069
            ],
            [
              76.7464993,
              11.0549655
            ],
            [
              76.7479845,
              11.0554849
            ],
            [
              76.7488131,
              11.0550317
            ],
            [
              76.7500256,
              11.0551842
            ],
            [
              76.7511452,
              11.0555744
            ],
            [
              76.7534376,
              11.0546283
            ],
            [
              76.755183,
              11.0540999
            ],
            [
              76.7568115,
              11.0536399
            ],
            [
              76.7577161,
              11.0528516
            ],
            [
              76.7586,
              11.0531796
            ],
            [
              76.7598303,
              11.0524942
            ],
            [
              76.761124,
              11.0527969
            ],
            [
              76.7614179,
              11.0517056
            ],
            [
              76.7619623,
              11.0508287
            ],
            [
              76.7619037,
              11.0497544
            ],
            [
              76.7621263,
              11.0482591
            ],
            [
              76.7631159,
              11.0474842
            ],
            [
              76.7644075,
              11.0468518
            ],
            [
              76.7657382,
              11.0456131
            ],
            [
              76.7672017,
              11.0448968
            ],
            [
              76.7681679,
              11.0443815
            ],
            [
              76.7699816,
              11.0435923
            ],
            [
              76.7728618,
              11.0430219
            ],
            [
              76.774778,
              11.0425527
            ],
            [
              76.7756395,
              11.0430926
            ],
            [
              76.7764949,
              11.042594
            ],
            [
              76.7774165,
              11.0424107
            ],
            [
              76.7785553,
              11.0425687
            ],
            [
              76.7804297,
              11.0432475
            ],
            [
              76.7808715,
              11.0430127
            ],
            [
              76.7828706,
              11.0431824
            ],
            [
              76.7840173,
              11.0433382
            ],
            [
              76.7850749,
              11.0438489
            ],
            [
              76.7864334,
              11.0443982
            ],
            [
              76.7884683,
              11.0452055
            ],
            [
              76.7903472,
              11.0475859
            ],
            [
              76.7919864,
              11.048979
            ],
            [
              76.7924784,
              11.0502
            ],
            [
              76.7925024,
              11.0511444
            ],
            [
              76.792934,
              11.0525873
            ],
            [
              76.7936723,
              11.0537046
            ],
            [
              76.7953669,
              11.0554485
            ],
            [
              76.7967921,
              11.0561973
            ],
            [
              76.7984676,
              11.0565777
            ],
            [
              76.8009782,
              11.0542928
            ],
            [
              76.799932,
              11.0522654
            ],
            [
              76.7985534,
              11.0499229
            ],
            [
              76.7968815,
              11.0469765
            ],
            [
              76.7931675,
              11.0433331
            ],
            [
              76.7935808,
              11.0414404
            ],
            [
              76.7925024,
              11.0382976
            ],
            [
              76.7916857,
              11.0372609
            ],
            [
              76.7891426,
              11.0361869
            ],
            [
              76.7874213,
              11.0358577
            ],
            [
              76.7858505,
              11.0356019
            ],
            [
              76.7847476,
              11.0356945
            ],
            [
              76.7831022,
              11.0346002
            ],
            [
              76.7803686,
              11.0343086
            ],
            [
              76.7783457,
              11.0342448
            ],
            [
              76.7754056,
              11.0338246
            ],
            [
              76.7738424,
              11.0335884
            ],
            [
              76.768359,
              11.0311923
            ],
            [
              76.766538,
              11.0290375
            ],
            [
              76.7640007,
              11.0306383
            ],
            [
              76.7614957,
              11.030702
            ],
            [
              76.7585746,
              11.03145
            ],
            [
              76.75454,
              11.0323516
            ],
            [
              76.7518186,
              11.0336221
            ],
            [
              76.7510188,
              11.0337801
            ],
            [
              76.7492238,
              11.0335159
            ],
            [
              76.7489777,
              11.034664
            ],
            [
              76.7455959,
              11.0362758
            ],
            [
              76.7437019,
              11.0374796
            ],
            [
              76.7419739,
              11.0384357
            ],
            [
              76.7377742,
              11.0396779
            ],
            [
              76.7367312,
              11.0395571
            ],
            [
              76.7352424,
              11.0386798
            ],
            [
              76.7325296,
              11.0384653
            ],
            [
              76.7282024,
              11.0396391
            ],
            [
              76.7260793,
              11.041088
            ],
            [
              76.7238325,
              11.0406605
            ],
            [
              76.7222416,
              11.0402641
            ],
            [
              76.7184434,
              11.0405959
            ],
            [
              76.71528,
              11.041125
            ],
            [
              76.714015,
              11.0406141
            ],
            [
              76.7128631,
              11.0393307
            ],
            [
              76.7128435,
              11.0393088
            ],
            [
              76.7127393,
              11.0391927
            ],
            [
              76.7109898,
              11.0390469
            ],
            [
              76.7101402,
              11.0340791
            ],
            [
              76.7062698,
              11.0303176
            ],
            [
              76.7016591,
              11.0282583
            ],
            [
              76.695556,
              11.0232432
            ],
            [
              76.6939321,
              11.0212056
            ],
            [
              76.6929298,
              11.0164309
            ],
            [
              76.6906672,
              11.0133676
            ],
            [
              76.6883468,
              11.0088112
            ],
            [
              76.6877889,
              11.0016919
            ],
            [
              76.6856432,
              10.9927188
            ],
            [
              76.6861647,
              10.9895909
            ],
            [
              76.6740989,
              10.9759092
            ],
            [
              76.6736045,
              10.9744394
            ],
            [
              76.6705657,
              10.9717941
            ],
            [
              76.6681113,
              10.969854
            ],
            [
              76.6666293,
              10.9676909
            ],
            [
              76.6673095,
              10.9600038
            ],
            [
              76.6665029,
              10.9580033
            ],
            [
              76.6651725,
              10.9556017
            ],
            [
              76.6640567,
              10.9528631
            ],
            [
              76.6635162,
              10.950952
            ],
            [
              76.6642713,
              10.9498294
            ],
            [
              76.6658671,
              10.9474895
            ],
            [
              76.6656875,
              10.9463323
            ],
            [
              76.6647322,
              10.9434283
            ],
            [
              76.6611038,
              10.9425162
            ],
            [
              76.6600227,
              10.9420345
            ],
            [
              76.6587557,
              10.9413182
            ],
            [
              76.655931,
              10.9389141
            ]
          ]
        ]
      }
    }
  ]
}